claim_id,report,location,claim_class,claim,source,access_level,independent_tier,verdict,severity,transferability,corrected_wording
H-Q1-01,Hermes review,Q1 L32-50,published finding,three/four dissociable outcome dimensions; scalar inadequacy,10.1519/JSC.0000000000002200; 10.1249/MSS.0000000000001764,abstract,A/B,SUPPORTED—LIMITED,moderate,"supervised, mostly men",Retain only as outcome dissociation; do not claim a fixed dimension count.
H-Q1-02,Hermes review,Q1 L44,published finding,load-by-outcome dose profiles,10.1007/s40279-024-02006-3,abstract/conclusion,A,UNVERIFIED—FULL TEXT REQUIRED,moderate,unknown full extraction,Quarantine exact optima; retain only source identity.
H-Q2-01,Hermes review,Q2 L78-92,published finding,Epley-family accuracy degrades beyond about 10 repetitions,18714230; 10.1007/s40279-023-01937-7,PubMed abstract/full-text claim not independently reread,B/A,PARTIALLY SUPPORTED,high,women bench press / heterogeneous review,Rewrite: one cited bench-press study says fewer-than-10 RTF improved prediction; it is not universal Epley validation.
H-Q2-02,Hermes review,Q2 L89-92,published finding,"2.51 reps SD at 80%, 4.36 at 60%; leg press 13.1 vs bench 8.8",10.1007/s40279-023-01937-7,metadata only in this audit,A,UNVERIFIED—FULL TEXT REQUIRED,high,meta-regression,Exact numbers require accessible locator/table.
H-Q2-03,Hermes review,Q2 L98-100,research-gap statement,no direct validation of additive RIR substitution,none,documented but non-systematic targeted search,—,GAP-NOT-ESTABLISHED,high,not applicable,Rewrite: no qualifying direct validation located in this audit’s documented search.
H-Q2-04,Hermes review,Q2 L104,published finding,"mean RIR underprediction 0.95 [0.17,1.73], SD 1.45, heterogeneity 97.9%, status beta -0.006",PMID 34542869,PubMed abstract,A,SUPPORTED,high,414 participants; sets to task failure,Retain exact values and qualification.
H-Q2-05,Hermes review,Q2 L105,published finding,error about one rep ARF 0–5 and >2 ARF 7–10; experience no effect,PMID 27787474,PubMed abstract,C,SUPPORTED,high,81 adults; chest press/leg press,Retain conditions and exercise difference.
H-Q2-06,Hermes review,Q2 L111,inference,"supervision-free error is a floor, not a ceiling",34542869;27787474,abstracts,inference,INFERENCE—REWRITE,high,unobserved population absent,Plausible but not measured; not a finding.
H-Q2-07,Hermes review,Q2 L115,research-gap statement,no propagated e1RM MDC,none,targeted search logged only at report level,—,GAP-NOT-ESTABLISHED,critical,not applicable,Use bounded documented-search wording; do not say none exists.
H-Q3-01,Hermes review,Q3 L135-143,published finding,heavy loads favor 1RM; hypertrophy relation conditional on effort,28834797;38970765,PubMed abstract,A,SUPPORTED—LIMITED,high,"trials/meta-regression, supervised",Retain distinction; exact ~30% floor needs source locator.
H-Q3-02,Hermes review,Q3 L141,research-gap statement,no head-to-head hard-set vs tonnage proxy trial,none,non-exhaustive search,—,GAP-NOT-ESTABLISHED,critical,not applicable,No qualifying direct comparison located; RPE>=8 is not validated proxy.
H-Q4-01,Hermes review,Q4 L165,published finding,calisthenic push-up programme improved outcomes,29466268,PubMed abstract,B,SUPPORTED—LIMITED,moderate,"23 men, 4 weeks","No common scale claim is a gap, not an empirical outcome."
H-Q4-02,Hermes review,Q4 L166,inference,isometric time/position/intensity map to app seconds and ordinal band,10.1186/s40885-022-00232-3,source not independently read,inference,UNVERIFIED—FULL TEXT REQUIRED,moderate,hypertension protocols,Health outcome does not validate strength progression metric.
H-Q5-01,Hermes review,Q5 L191,published finding,"direct 1RM ICC median .97, CV median 4.2%",32681399,PubMed abstract,A,SUPPORTED,high,"32 studies, n=1595",Supervised direct 1RM only.
H-Q5-02,Hermes review,Q5 L192,published finding,rep-max ICC/SEM values,10.1371/journal.pone.0268074,not retrieved in this audit,C,UNVERIFIED—FULL TEXT REQUIRED,high,24 trained adults claimed,Exact figures require article locator.
H-Q5-03,Hermes review,Q5 L196,research-gap statement,no persistence window,none,non-exhaustive targeted search,—,GAP-NOT-ESTABLISHED,critical,not applicable,Do not convert absence into non-buildability theorem.
H-Q6-01,Hermes review,Q6 L219,published finding,trackers/apps SDM .350 and ~1850 steps/day,33355160,not independently retrieved,A,UNVERIFIED—FULL TEXT REQUIRED,moderate,general activity adults,Not strength-metric display evidence.
H-Q6-02,Hermes review,Q6 L220-222,published finding/inference,quantification may reduce enjoyment; score gaming prediction,10.1093/jcr/ucv095,metadata only,B/inference,PARTIALLY SUPPORTED,moderate,consumer experiments,Do not represent as fitness-app gaming evidence.
H-Q7-01,Hermes review,Q7 L241-250,published finding,candidate-axis table,multiple,mixed access,mixed,PARTIALLY SUPPORTED,moderate,heterogeneous,"Hardware/capturability are system facts, not research findings."
H-Q8-01,Hermes review,Q8 L271-275,published finding,autoregulation review and terminology inconsistency,33520457;32813181,PubMed abstracts,C/B-,SUPPORTED—LIMITED,moderate,supervised interventions,No evidence establishes unsupervised descriptive-only policy.
A-Q1-01,Antigravity review,Q1 L55-89,published finding,four independent dimensions and mechanisms,multiple,mostly metadata only,mixed,PARTIALLY SUPPORTED,high,heterogeneous,Retain outcome dissociation only; mechanisms/independence overstate.
A-Q1-02,Antigravity review,Q1 L59-61,published finding,Schoenfeld g=.58 vs .35 values,28834797,PubMed abstract,A,UNVERIFIED—FULL TEXT REQUIRED,high,21 RCTs,"Abstract supports direction, not these exact values."
A-Q1-03,Antigravity review,Q1 L67-70,published finding,Pareja-Blanco +9.5% vs -1.2%,27038416,PubMed abstract,B,CONTRADICTED,high,"22 young men, squat","Abstract reports CMJ 9.5% vs 3.5%, not -1.2%."
A-Q1-04,Antigravity review,Q1 L75-82,published finding,Shimano exercise-specific repetitions,17194239,not retrieved,C,UNVERIFIED—FULL TEXT REQUIRED,moderate,30 men claimed,Exact table requires source locator.
A-Q2-01,Antigravity review,Q2 L151-175,published finding,Epley error ranges and LeSuer/Reynolds exact SEE,16937972;10.1519/00124278-199711000-00001,metadata/abstract insufficient,B-,UNVERIFIED—FULL TEXT REQUIRED,critical,varied exercises,Exact table has no furnished primary locator.
A-Q2-02,Antigravity review,Q2 L195-200,published finding,Halperin MAE 1.15±.40 and stratified MAEs,34542869,PubMed abstract,A,CONTRADICTED,critical,414 participants,"Abstract reports underprediction .95 [0.17,1.73], not claimed MAE table."
A-Q2-03,Antigravity review,Q2 L204-209,published finding,Hackett 3.5±1.2; Armes instructed 2-RIR 4–7,27787474;33424678,PubMed abstracts,C/B,CONTRADICTED,critical,81 adults; trained persons,"Hackett abstract lacks statistic; Armes has no instructed-2-RIR condition and pooled 2.0 [0,4]."
A-Q2-04,Antigravity review,Q2 L215-250,derived calculation,direct-1RM MDC and e1RM MDC table,32681399,PubMed abstract + calculations register,derived,AUDITOR-DERIVED—NOT PUBLISHED,critical,direct supervised 1RM basis,Math partly reproducible; no validated propagation or transfer.
A-Q2-05,Antigravity review,Q2 L267-274,design proposal,restrict e1RM inputs and >=12–15% sustained changes,none,not source-supported,proposal,UNSUPPORTED,critical,not applicable,Quarantine; prohibited recommendation.
A-Q3-01,Antigravity review,Q3 L282-284,published finding,hard set is fundamental hypertrophy quantum,30063555;38970765,PubMed abstracts,A,OVERSTATED,critical,review/meta-regression,"Sources support conditional/estimated RIR relation, not universal fundamental unit."
A-Q3-02,Antigravity review,Q3 L309-317,published finding,failure-matched hypertrophy and load effects,28834797;27174923;38970765,PubMed abstracts,A/B,SUPPORTED—LIMITED,high,supervised,Retain conditions; do not equate volume load.
A-Q3-03,Antigravity review,Q3 L327,published finding,hard sets R²=.68 vs tonnage R²=.09,30063555,PubMed abstract,A,UNVERIFIED—FULL TEXT REQUIRED,critical,14-study review,No R² in record; cannot retain until full-text locator.
A-Q3-04,Antigravity review,Q3 L335-345,design proposal,exclusive hard-set tracking/thresholds,none,not evidence,proposal,UNSUPPORTED,critical,not applicable,Quarantine.
A-Q4-01,Antigravity review,Q4 L382-390,published finding,"push-up 41/49/64/74% BW, eta²",21873902;20179649,PubMed abstracts,B,UNVERIFIED—FULL TEXT REQUIRED,high,23 recreationally fit / 28 trained men,"Abstract supports condition ordering, not supplied exact force values."
A-Q4-02,Antigravity review,Q4 L393-396,published finding,Calatayud/Kotarsky equivalence confirmed,24983847;29466268,metadata/abstract,B,OVERSTATED,high,small trials,p=.79 is not equivalence; Kotarsky is B not A.
A-Q4-03,Antigravity review,Q4 L399-404,published finding,planche torque 1.5–2.8x and exact Nm,none,no DOI/PMID,D,UNSUPPORTED,high,unspecified,No verifiable primary source supplied.
A-Q5-01,Antigravity review,Q5 L515-518,published findings,acute noise taxonomy and exact percentages,multiple,not independently retrieved,mixed,UNVERIFIED—FULL TEXT REQUIRED,high,varied tasks,Plausible lead list only.
A-Q5-02,Antigravity review,Q5 L539-546,published finding,Silva per-exercise MDC 15–51%,38086002,PubMed abstract,B-,UNVERIFIED—FULL TEXT REQUIRED,high,113 women >40,"Abstract confirms study/population, exact values need tables."
A-Q5-03,Antigravity review,Q5 L550-555,published finding,advanced gains .25-.75% weekly and 8–20× noise,27102172;29372481,not retrieved,A/D,UNSUPPORTED,critical,not specified,Unsourced adaptation-rate assumption drives derived conclusion.
A-Q5-04,Antigravity review,Q5 L566-595,derived calculation,"persistence windows, EWMA, e1RM SEM/MDC",multiple,calculation register,derived,AUDITOR-DERIVED—NOT PUBLISHED,critical,assumed IID/SEM/effect,Quarantine all operational windows.
A-Q6-01,Antigravity review,Q6 L619-620,published finding,Etkin d=.45-.62 and persistence effect,10.1093/jcr/ucv095,metadata only,B,UNVERIFIED—FULL TEXT REQUIRED,moderate,consumer experiments,No fitness setting transfer.
A-Q6-02,Antigravity review,Q6 L638-641,inference,observed resistance-training metric gaming,none,no direct study cited,inference,UNSUPPORTED AS EMPIRICAL,high,not applicable,May be a risk hypothesis only.
A-Q6-03,Antigravity review,Q6 L655-657,published finding,Baumel fitness app retention,31573916,metadata only,B-,MISCHARACTERISED,moderate,mental-health apps,Correct domain; do not call fitness-app data.
A-Q7-01,Antigravity review,Q7 L703-725,published finding/proposal,"rest, ROM, tempo, hard-set validity table",multiple,mixed,mixed,PARTIALLY SUPPORTED,high,heterogeneous,Tables improperly convert evidence into app verdicts.
A-Q7-02,Antigravity review,Q7 L723-725,published finding,binary RPE>=8 robust and R²=.68,34542869;30063555,PubMed abstracts,A,OVERSTATED,critical,task-failure studies/review,No binary-threshold validation or R² in records.
A-Q8-01,Antigravity review,Q8 L765-772,design proposal,metrics must never prescribe; +12% loop,none,calculation/inference,proposal,UNSUPPORTED,critical,not applicable,No observed loop evidence; no policy decision authorised.
A-Q8-02,Antigravity review,Q8 L795-799,published finding,"Mansfield anchoring, Armes 3–6, Refalo/Hughes error",32881842;33424678,PubMed abstracts,B,CONTRADICTED/PARTIAL,critical,trained men/participants,Mansfield found no blind/nonblind difference; Armes claim false.
A-Q8-03,Antigravity review,Q8 L802-808,published finding,sensorless VBT error/CV and daily capacity ±5–10,multiple,abstracts not read,B-,UNVERIFIED—FULL TEXT REQUIRED,high,hardware studies,No transfer to this sensorless app without exact locators.
A-META-01,Antigravity review,Q1-Q8 authorise blocks,design proposal,numerical thresholds/UI/algorithm restrictions,none,document text,proposal,UNSUPPORTED,critical,not applicable,Separate from evidence; directly breaches original brief.
A-META-02,Antigravity review,L829-832,system/process claim,99 claims/100% coverage/zero unsupported,document text,audit extraction,process,CONTRADICTED,critical,not applicable,Not an atomic evidence ledger; multiple claims lack source support.
A-META-03,Antigravity review,L868-879,publication claim,five recent 2026 papers,42119794;42506841;42297625;42328880;42617172,PubMed abstracts,mixed,SUPPORTED—IDENTITY ONLY,moderate,older adults/rugby/well-trained,Identity is verified; document’s claimed outcomes/tier/transfer require each abstract/full-text check.
A-CLAUSE-0003,Antigravity review,Preamble; L3,inference/system fact,**Document Type:** Master Evidence Review & Synthesis,citation/identifier as embedded in report line,source-report text only,unassigned pending source check,UNVERIFIED—FULL TEXT REQUIRED,unclassified,not assessed,Conservative extraction row; retain no factual content unless a manual/source-locator row supports it.
A-CLAUSE-0004,Antigravity review,Preamble; L4,inference/system fact,**Status:** Authoritative Draft,citation/identifier as embedded in report line,source-report text only,unassigned pending source check,UNVERIFIED—FULL TEXT REQUIRED,unclassified,not assessed,Conservative extraction row; retain no factual content unless a manual/source-locator row supports it.
A-CLAUSE-0005,Antigravity review,Preamble; L5,inference/system fact,"**Target Environment:** Offline, Unsupervised Mobile Strength Tracking Application",citation/identifier as embedded in report line,source-report text only,unassigned pending source check,UNVERIFIED—FULL TEXT REQUIRED,unclassified,not assessed,Conservative extraction row; retain no factual content unless a manual/source-locator row supports it.
A-CLAUSE-0006,Antigravity review,Preamble; L6,inference/system fact,**Target File Path:** `C:\Users\fpike\Documents\pikeMethods\drafts\evidence_review_strength_progression.md`,citation/identifier as embedded in report line,source-report text only,unassigned pending source check,UNVERIFIED—FULL TEXT REQUIRED,unclassified,not assessed,Conservative extraction row; retain no factual content unless a manual/source-locator row supports it.
A-CLAUSE-0007,Antigravity review,Preamble; L7,inference/system fact,"**Date:** August 26, 2026",citation/identifier as embedded in report line,source-report text only,unassigned pending source check,UNVERIFIED—FULL TEXT REQUIRED,unclassified,not assessed,Conservative extraction row; retain no factual content unless a manual/source-locator row supports it.
A-CLAUSE-0013,Antigravity review,Preamble; L13,inference/system fact,"This evidence review evaluates the physiological, mathematical, psychometric, and behavioural foundations of measuring muscular strength progression in an offline, unsupervised mobile application.",citation/identifier as embedded in report line,source-report text only,unassigned pending source check,UNVERIFIED—FULL TEXT REQUIRED,unclassified,not assessed,Conservative extraction row; retain no factual content unless a manual/source-locator row supports it.
A-CLAUSE-0016,Antigravity review,Preamble; L16,inference/system fact,"1. **Unsupervised Execution:** The application operates without human coaches, spotters, or external adjudicators to verify lifting technique, range of motion (ROM), repetition cadence, or proximity to failure.",citation/identifier as embedded in report line,source-report text only,unassigned pending source check,UNVERIFIED—FULL TEXT REQUIRED,unclassified,not assessed,Conservative extraction row; retain no factual content unless a manual/source-locator row supports it.
A-CLAUSE-0017,Antigravity review,Preamble; L17,inference/system fact,"2. **Sensorless Offline Architecture:** The application operates without peripheral hardware (no linear position transducers, bar-velocity sensors, optoelectronic cameras, force plates, or wearable telemetry).",citation/identifier as embedded in report line,source-report text only,unassigned pending source check,UNVERIFIED—FULL TEXT REQUIRED,unclassified,not assessed,Conservative extraction row; retain no factual content unless a manual/source-locator row supports it.
A-CLAUSE-0018,Antigravity review,Preamble; L18,inference/system fact,3. **Established Calibration & Data Rulings:**,citation/identifier as embedded in report line,source-report text only,unassigned pending source check,UNVERIFIED—FULL TEXT REQUIRED,unclassified,not assessed,Conservative extraction row; retain no factual content unless a manual/source-locator row supports it.
A-CLAUSE-0019,Antigravity review,Preamble; L19,design proposal,- *Calibration Policy:* Research findings inform product decisions; they do not authorise automated algorithmic prescription. No numerical value enters the application engine without explicit owner ratification.,citation/identifier as embedded in report line,source-report text only,unassigned pending source check,UNSUPPORTED,unclassified,not assessed,Conservative extraction row; retain no factual content unless a manual/source-locator row supports it.
A-CLAUSE-0020,Antigravity review,Preamble; L20,inference/system fact,- *Session RPE:* The application's session RPE field is the simple arithmetic mean of logged per-set RPE ratings (not Foster session-RPE multiplied by workout duration).,citation/identifier as embedded in report line,source-report text only,unassigned pending source check,UNVERIFIED—FULL TEXT REQUIRED,unclassified,not assessed,Conservative extraction row; retain no factual content unless a manual/source-locator row supports it.
A-CLAUSE-0021,Antigravity review,Preamble; L21,inference/system fact,- *Volume-Load Calculation:* Bodyweight resistance sets contribute exactly zero to the application's external volume-load/tonnage tally.,citation/identifier as embedded in report line,source-report text only,unassigned pending source check,UNVERIFIED—FULL TEXT REQUIRED,unclassified,not assessed,Conservative extraction row; retain no factual content unless a manual/source-locator row supports it.
A-CLAUSE-0022,Antigravity review,Preamble; L22,inference/system fact,"- *Missing Domain Telemetry:* The application receives zero data from grappling, combat sports, or unstructured conditioning sessions.",citation/identifier as embedded in report line,source-report text only,unassigned pending source check,UNVERIFIED—FULL TEXT REQUIRED,unclassified,not assessed,Conservative extraction row; retain no factual content unless a manual/source-locator row supports it.
A-CLAUSE-0023,Antigravity review,Preamble; L23,inference/system fact,- *Prior Policy Rulings:* Acute:Chronic Workload Ratio (ACWR) is strictly descriptive; Readiness scoring is limited to direct physiological sleep/HRV inputs; no rehabilitative algorithm modifiers are permitted.,citation/identifier as embedded in report line,source-report text only,unassigned pending source check,UNVERIFIED—FULL TEXT REQUIRED,unclassified,not assessed,Conservative extraction row; retain no factual content unless a manual/source-locator row supports it.
A-CLAUSE-0024,Antigravity review,Preamble; L24,inference/system fact,4. **Telemetry Overlap Note:** Overlap with the companion brief on ACWR and telemetry is acknowledged in this single note: acute-to-chronic workload ratios and physiological readiness scores remain strictly descriptive background metrics and are not coupled to algorithmic strength progression or load prescription.,citation/identifier as embedded in report line,source-report text only,unassigned pending source check,UNVERIFIED—FULL TEXT REQUIRED,unclassified,not assessed,Conservative extraction row; retain no factual content unless a manual/source-locator row supports it.
A-CLAUSE-0032,Antigravity review,Question 1; L32,published finding,"Under Classical Test Theory ($X = T + E$, where observed score $X$ comprises true score $T$ and random error $E$), Generalizability Theory, and unified measurement validity frameworks [Tier B−; Messick 1995, DOI: 10.1037/0003-066X.50.9.741; Nunnally 1978], an operational metric is valid if and only if it accurately reflects the latent construct it purports to measure. An invalid metric suffers from two structural psychometric errors:",citation/identifier as embedded in report line,source-report text only,unassigned pending source check,UNVERIFIED—FULL TEXT REQUIRED,unclassified,not assessed,Conservative extraction row; retain no factual content unless a manual/source-locator row supports it.
A-CLAUSE-0033,Antigravity review,Question 1; L33,inference/system fact,1. **Construct Underrepresentation:** Failing to capture essential functional dimensions of the underlying biological attribute.,citation/identifier as embedded in report line,source-report text only,unassigned pending source check,UNVERIFIED—FULL TEXT REQUIRED,unclassified,not assessed,Conservative extraction row; retain no factual content unless a manual/source-locator row supports it.
A-CLAUSE-0034,Antigravity review,Question 1; L34,published finding,"2. **Construct-Irrelevant Variance:** Reflecting extraneous physiological noise, distinct metabolic processes, or behavioural artifacts that contaminate the measurement [Tier B−; Weir 2005, PMID: 15705040, DOI: 10.1519/15184.1; Tier B−; Hopkins 2000, PMID: 10907753, DOI: 10.2165/00007256-200030010-00001].",citation/identifier as embedded in report line,source-report text only,unassigned pending source check,UNVERIFIED—FULL TEXT REQUIRED,unclassified,not assessed,Conservative extraction row; retain no factual content unless a manual/source-locator row supports it.
A-CLAUSE-0036,Antigravity review,Question 1; L36,published finding,"In human neuromuscular physiology, muscular strength is fundamentally **multidimensional and non-scalar** [Tier D; Sale 1988, PMID: 3057313; Tier D; Suchomel et al. 2016, PMID: 26838985, DOI: 10.1007/s40279-016-0486-0; Tier D; Suchomel et al. 2018, PMID: 29372481, DOI: 10.1007/s40279-018-0862-z]. Attempting to collapse resistance training progression into a single composite scalar—whether formatted as an aggregate ""Progression Index"", a single estimated 1RM, or total session Volume-Load ($\sum \text{sets} \times \text{reps} \times \text{load}$)—violates the core axioms of measurement theory:",citation/identifier as embedded in report line,source-report text only,unassigned pending source check,UNVERIFIED—FULL TEXT REQUIRED,unclassified,not assessed,Conservative extraction row; retain no factual content unless a manual/source-locator row supports it.
A-CLAUSE-0037,Antigravity review,Question 1; L37,inference/system fact,- **Multidimensional Non-Fungibility:** Superior capacity along one physiological axis (such as high-repetition metabolic buffering) cannot mathematically or biologically substitute for capacity along an independent axis (such as maximal peak force generation at near-zero velocity).,citation/identifier as embedded in report line,source-report text only,unassigned pending source check,UNVERIFIED—FULL TEXT REQUIRED,unclassified,not assessed,Conservative extraction row; retain no factual content unless a manual/source-locator row supports it.
A-CLAUSE-0038,Antigravity review,Question 1; L38,inference/system fact,"- **Latent Construct Conflation:** Aggregating disparate physical dimensions into a single scalar obscures the biological signal, preventing the athlete or system from determining whether performance changed due to high-threshold motor unit recruitment, changes in movement velocity, altered joint kinematics, or shifting rest intervals.",citation/identifier as embedded in report line,source-report text only,unassigned pending source check,UNVERIFIED—FULL TEXT REQUIRED,unclassified,not assessed,Conservative extraction row; retain no factual content unless a manual/source-locator row supports it.
A-CLAUSE-0041,Antigravity review,Question 1; L41,inference/system fact,+---------------------------------------------------------------------------------------------------+,citation/identifier as embedded in report line,source-report text only,unassigned pending source check,UNVERIFIED—FULL TEXT REQUIRED,unclassified,not assessed,Conservative extraction row; retain no factual content unless a manual/source-locator row supports it.
A-CLAUSE-0042,Antigravity review,Question 1; L42,inference/system fact,|                                 MULTIDIMENSIONAL STRENGTH VECTOR                                  |,citation/identifier as embedded in report line,source-report text only,unassigned pending source check,UNVERIFIED—FULL TEXT REQUIRED,unclassified,not assessed,Conservative extraction row; retain no factual content unless a manual/source-locator row supports it.
A-CLAUSE-0043,Antigravity review,Question 1; L43,inference/system fact,+------------------------------------+--------------------------------------------------------------+,citation/identifier as embedded in report line,source-report text only,unassigned pending source check,UNVERIFIED—FULL TEXT REQUIRED,unclassified,not assessed,Conservative extraction row; retain no factual content unless a manual/source-locator row supports it.
A-CLAUSE-0044,Antigravity review,Question 1; L44,inference/system fact,| Dimension 1: Maximal Force (1RM)   | Peak force at low velocity (<0.3 m/s); neural drive / CSA    |,citation/identifier as embedded in report line,source-report text only,unassigned pending source check,UNVERIFIED—FULL TEXT REQUIRED,unclassified,not assessed,Conservative extraction row; retain no factual content unless a manual/source-locator row supports it.
A-CLAUSE-0045,Antigravity review,Question 1; L45,inference/system fact,| Dimension 2: Velocity & Power / RFD| Rate of force development (<100 ms); bar velocity at <70% 1RM|,citation/identifier as embedded in report line,source-report text only,unassigned pending source check,UNVERIFIED—FULL TEXT REQUIRED,unclassified,not assessed,Conservative extraction row; retain no factual content unless a manual/source-locator row supports it.
A-CLAUSE-0046,Antigravity review,Question 1; L46,inference/system fact,| Dimension 3: Muscular Endurance    | Work capacity / reps to failure at relative submaximal %1RM  |,citation/identifier as embedded in report line,source-report text only,unassigned pending source check,UNVERIFIED—FULL TEXT REQUIRED,unclassified,not assessed,Conservative extraction row; retain no factual content unless a manual/source-locator row supports it.
A-CLAUSE-0047,Antigravity review,Question 1; L47,inference/system fact,"| Dimension 4: Motor Skill & ROM     | Joint kinematics, spatial stability, technical consistency   |",citation/identifier as embedded in report line,source-report text only,unassigned pending source check,UNVERIFIED—FULL TEXT REQUIRED,unclassified,not assessed,Conservative extraction row; retain no factual content unless a manual/source-locator row supports it.
A-CLAUSE-0048,Antigravity review,Question 1; L48,inference/system fact,+------------------------------------+--------------------------------------------------------------+,citation/identifier as embedded in report line,source-report text only,unassigned pending source check,UNVERIFIED—FULL TEXT REQUIRED,unclassified,not assessed,Conservative extraction row; retain no factual content unless a manual/source-locator row supports it.
A-CLAUSE-0055,Antigravity review,Question 1; L55,inference/system fact,"Scientific evidence establishes at least **four independent, dissociable dimensions** of neuromuscular performance:",citation/identifier as embedded in report line,source-report text only,unassigned pending source check,UNVERIFIED—FULL TEXT REQUIRED,unclassified,not assessed,Conservative extraction row; retain no factual content unless a manual/source-locator row supports it.
A-CLAUSE-0058,Antigravity review,Question 1; L58,published finding,"- **Mechanisms:** Governed by maximal spatial and temporal recruitment of high-threshold alpha motor units, rate coding, muscle cross-sectional area (CSA), muscle architecture (fascicle length, pennation angle), and tendon stiffness [Tier D; Sale 1988, PMID: 3057313; Tier D; Suchomel et al. 2018, PMID: 29372481, DOI: 10.1007/s40279-018-0862-z].",citation/identifier as embedded in report line,source-report text only,unassigned pending source check,UNVERIFIED—FULL TEXT REQUIRED,unclassified,not assessed,Conservative extraction row; retain no factual content unless a manual/source-locator row supports it.
A-CLAUSE-0059,Antigravity review,Question 1; L59,published finding,"- **Specificity of Adaptation:** Heavy-load training ($\ge 80-85\%$ 1RM) elicits significantly greater 1RM strength adaptations than low-load training matched for work or volume-load, driven by high-threshold efferent neural drive, inter-muscular coordination, and downregulation of antagonist co-activation [Tier A; Schoenfeld et al. 2017, PMID: 28834797, DOI: 10.1519/JSC.0000000000002200; Tier A; Morton et al. 2016, PMID: 27174923, DOI: 10.1152/japplphysiol.00154.2016].",citation/identifier as embedded in report line,source-report text only,unassigned pending source check,UNVERIFIED—FULL TEXT REQUIRED,unclassified,not assessed,Conservative extraction row; retain no factual content unless a manual/source-locator row supports it.
A-CLAUSE-0060,Antigravity review,Question 1; L60,inference/system fact,- **Population:** Resistance-trained and untrained adult males and females ($n=574$ across 21 RCTs).,citation/identifier as embedded in report line,source-report text only,unassigned pending source check,UNVERIFIED—FULL TEXT REQUIRED,unclassified,not assessed,Conservative extraction row; retain no factual content unless a manual/source-locator row supports it.
A-CLAUSE-0061,Antigravity review,Question 1; L61,published finding,"- **Effect Size / Uncertainty:** High-load vs low-load 1RM strength difference: Hedges' $g = 0.58$ [95% CI: 0.35, 0.81] vs $g = 0.35$ [95% CI: 0.15, 0.55], $p < 0.01$ [Tier A; Schoenfeld et al. 2017].",citation/identifier as embedded in report line,source-report text only,unassigned pending source check,UNVERIFIED—FULL TEXT REQUIRED,unclassified,not assessed,Conservative extraction row; retain no factual content unless a manual/source-locator row supports it.
A-CLAUSE-0062,Antigravity review,Question 1; L62,inference/system fact,"- **What Goes Wrong If Wrong:** Treating submaximal endurance sets as a direct proxy for 1RM force conflates metabolic buffering capacity with neural limit strength, misleading users regarding maximal force readiness.",citation/identifier as embedded in report line,source-report text only,unassigned pending source check,UNVERIFIED—FULL TEXT REQUIRED,unclassified,not assessed,Conservative extraction row; retain no factual content unless a manual/source-locator row supports it.
A-CLAUSE-0063,Antigravity review,Question 1; L63,inference/system fact,"- **Transferability Risk:** High. In unsupervised environments, athletes avoid heavy low-rep sets due to fear or lack of spotters, attempting to infer 1RM from high-rep sets where error is maximal.",citation/identifier as embedded in report line,source-report text only,unassigned pending source check,UNVERIFIED—FULL TEXT REQUIRED,unclassified,not assessed,Conservative extraction row; retain no factual content unless a manual/source-locator row supports it.
A-CLAUSE-0066,Antigravity review,Question 1; L66,published finding,"- **Mechanisms:** Governed by early-phase neuromuscular activation ($0-100\text{ ms}$), intrinsic cross-bridge cycling speed, Type IIx/IIa myosin heavy chain composition, and tendon compliance [Tier D; Suchomel et al. 2016, PMID: 26838985, DOI: 10.1007/s40279-016-0486-0; Tier B; Pareja-Blanco et al. 2017, PMID: 27038416, DOI: 10.1111/sms.12678].",citation/identifier as embedded in report line,source-report text only,unassigned pending source check,UNVERIFIED—FULL TEXT REQUIRED,unclassified,not assessed,Conservative extraction row; retain no factual content unless a manual/source-locator row supports it.
A-CLAUSE-0067,Antigravity review,Question 1; L67,published finding,"- **Empirical Dissociation from 1RM:** Resistance training performed with high velocity loss ($\ge 40-50\%$, grinding sets to failure) induces significant local muscular endurance and hypertrophy, but **impairs** high-velocity power and causes substantial phenotypic shift away from fast-twitch Type IIx fibers compared to low velocity loss ($\le 10-20\%$) [Tier B; Pareja-Blanco et al. 2017, PMID: 27038416; Tier B; Pareja-Blanco et al. 2020, PMID: 32049887, DOI: 10.1249/MSS.0000000000002295; Tier B; Rodiles-Guerrero et al. 2024, PMID: 39168458, DOI: 10.1123/ijspp.2023-0529].",citation/identifier as embedded in report line,source-report text only,unassigned pending source check,UNVERIFIED—FULL TEXT REQUIRED,unclassified,not assessed,Conservative extraction row; retain no factual content unless a manual/source-locator row supports it.
A-CLAUSE-0068,Antigravity review,Question 1; L68,inference/system fact,- **Population:** Resistance-trained males ($n=46$).,citation/identifier as embedded in report line,source-report text only,unassigned pending source check,UNVERIFIED—FULL TEXT REQUIRED,unclassified,not assessed,Conservative extraction row; retain no factual content unless a manual/source-locator row supports it.
A-CLAUSE-0069,Antigravity review,Question 1; L69,published finding,"- **Effect Size / Uncertainty:** Low velocity loss training preserved sprinting and vertical jump power ($+9.5\%$ vs $-1.2\%$, $p < 0.01$) despite accumulating 40% less total repetitions than high velocity loss training [Tier B; Pareja-Blanco et al. 2017].",citation/identifier as embedded in report line,source-report text only,unassigned pending source check,UNVERIFIED—FULL TEXT REQUIRED,unclassified,not assessed,Conservative extraction row; retain no factual content unless a manual/source-locator row supports it.
A-CLAUSE-0070,Antigravity review,Question 1; L70,inference/system fact,"- **What Goes Wrong If Wrong:** A scalar progression system that rewards grinding failure will register ""progress"" while an athlete's dynamic power, athletic rate of force development, and fast-twitch contractile velocity are actively regressing.",citation/identifier as embedded in report line,source-report text only,unassigned pending source check,UNVERIFIED—FULL TEXT REQUIRED,unclassified,not assessed,Conservative extraction row; retain no factual content unless a manual/source-locator row supports it.
A-CLAUSE-0071,Antigravity review,Question 1; L71,inference/system fact,"- **Transferability Risk:** Extreme. Without linear position sensors, an unsupervised app cannot distinguish an explosive 0.8 m/s rep from a grinding 0.15 m/s rep.",citation/identifier as embedded in report line,source-report text only,unassigned pending source check,UNVERIFIED—FULL TEXT REQUIRED,unclassified,not assessed,Conservative extraction row; retain no factual content unless a manual/source-locator row supports it.
A-CLAUSE-0074,Antigravity review,Question 1; L74,published finding,"- **Mechanisms:** Governed by capillary density, mitochondrial enzyme activity, intracellular buffering ($H^+$ and lactate clearance), glycogen storage, and central pain tolerance [Tier B; Shimano et al. 2006, PMID: 17194239, DOI: 10.1519/R-18195.1; Tier A; Morton et al. 2016, PMID: 27174923].",citation/identifier as embedded in report line,source-report text only,unassigned pending source check,UNVERIFIED—FULL TEXT REQUIRED,unclassified,not assessed,Conservative extraction row; retain no factual content unless a manual/source-locator row supports it.
A-CLAUSE-0075,Antigravity review,Question 1; L75,inference/system fact,"- **Empirical Independence:** Shimano et al. (2006) demonstrated that at $80\%$ of 1RM, repetitions completed to failure vary widely across exercises within the exact same individuals ($n=30$, 15 trained, 15 untrained):",citation/identifier as embedded in report line,source-report text only,unassigned pending source check,UNVERIFIED—FULL TEXT REQUIRED,unclassified,not assessed,Conservative extraction row; retain no factual content unless a manual/source-locator row supports it.
A-CLAUSE-0076,Antigravity review,Question 1; L76,inference/system fact,- Leg Press: $12.3 \pm 4.3$ repetitions,citation/identifier as embedded in report line,source-report text only,unassigned pending source check,UNVERIFIED—FULL TEXT REQUIRED,unclassified,not assessed,Conservative extraction row; retain no factual content unless a manual/source-locator row supports it.
A-CLAUSE-0077,Antigravity review,Question 1; L77,inference/system fact,- Lat Pulldown: $11.3 \pm 3.1$ repetitions,citation/identifier as embedded in report line,source-report text only,unassigned pending source check,UNVERIFIED—FULL TEXT REQUIRED,unclassified,not assessed,Conservative extraction row; retain no factual content unless a manual/source-locator row supports it.
A-CLAUSE-0078,Antigravity review,Question 1; L78,inference/system fact,- Chest Press: $9.8 \pm 2.6$ repetitions,citation/identifier as embedded in report line,source-report text only,unassigned pending source check,UNVERIFIED—FULL TEXT REQUIRED,unclassified,not assessed,Conservative extraction row; retain no factual content unless a manual/source-locator row supports it.
A-CLAUSE-0079,Antigravity review,Question 1; L79,inference/system fact,- Arm Curl: $9.0 \pm 2.5$ repetitions,citation/identifier as embedded in report line,source-report text only,unassigned pending source check,UNVERIFIED—FULL TEXT REQUIRED,unclassified,not assessed,Conservative extraction row; retain no factual content unless a manual/source-locator row supports it.
A-CLAUSE-0080,Antigravity review,Question 1; L80,inference/system fact,- Back Squat: $15.2 \pm 5.1$ repetitions,citation/identifier as embedded in report line,source-report text only,unassigned pending source check,UNVERIFIED—FULL TEXT REQUIRED,unclassified,not assessed,Conservative extraction row; retain no factual content unless a manual/source-locator row supports it.
A-CLAUSE-0081,Antigravity review,Question 1; L81,inference/system fact,- Barbell Bench Press: $7.2 \pm 2.1$ repetitions,citation/identifier as embedded in report line,source-report text only,unassigned pending source check,UNVERIFIED—FULL TEXT REQUIRED,unclassified,not assessed,Conservative extraction row; retain no factual content unless a manual/source-locator row supports it.
A-CLAUSE-0082,Antigravity review,Question 1; L82,inference/system fact,"- **What Goes Wrong If Wrong:** Applying a single mathematical conversion factor across all exercises assumes identical fatigue kinetics, creating massive systematic errors between upper and lower body movements.",citation/identifier as embedded in report line,source-report text only,unassigned pending source check,UNVERIFIED—FULL TEXT REQUIRED,unclassified,not assessed,Conservative extraction row; retain no factual content unless a manual/source-locator row supports it.
A-CLAUSE-0083,Antigravity review,Question 1; L83,inference/system fact,- **Transferability Risk:** High. Athletes experience differential fatigue rates depending on muscle group fiber composition and individual training history.,citation/identifier as embedded in report line,source-report text only,unassigned pending source check,UNVERIFIED—FULL TEXT REQUIRED,unclassified,not assessed,Conservative extraction row; retain no factual content unless a manual/source-locator row supports it.
A-CLAUSE-0086,Antigravity review,Question 1; L86,inference/system fact,"- **Mechanisms:** Governed by inter-muscular coordination, spatial bar path stabilization, antagonist inhibition, and postural integrity throughout the complete anatomical joint excursion.",citation/identifier as embedded in report line,source-report text only,unassigned pending source check,UNVERIFIED—FULL TEXT REQUIRED,unclassified,not assessed,Conservative extraction row; retain no factual content unless a manual/source-locator row supports it.
A-CLAUSE-0087,Antigravity review,Question 1; L87,published finding,"- **Empirical Dissociation:** Progression in external load frequently occurs through subconscious reductions in active ROM (cutting squat depth by 3–5 cm, bouncing barbells off the ribcage), which shortens external moment arms and mechanical work while increasing logged load [Tier D; Vigotsky et al. 2018, PMID: 29967737, DOI: 10.7717/peerj.5071].",citation/identifier as embedded in report line,source-report text only,unassigned pending source check,UNVERIFIED—FULL TEXT REQUIRED,unclassified,not assessed,Conservative extraction row; retain no factual content unless a manual/source-locator row supports it.
A-CLAUSE-0088,Antigravity review,Question 1; L88,inference/system fact,"- **What Goes Wrong If Wrong:** An unsupervised app registers technique degradation and cheat mechanics as legitimate ""strength progression.""",citation/identifier as embedded in report line,source-report text only,unassigned pending source check,UNVERIFIED—FULL TEXT REQUIRED,unclassified,not assessed,Conservative extraction row; retain no factual content unless a manual/source-locator row supports it.
A-CLAUSE-0089,Antigravity review,Question 1; L89,inference/system fact,"- **Transferability Risk:** Severe. In the absence of video analysis or human coaches, self-reported load increases are often confounded by progressive ROM truncation.",citation/identifier as embedded in report line,source-report text only,unassigned pending source check,UNVERIFIED—FULL TEXT REQUIRED,unclassified,not assessed,Conservative extraction row; retain no factual content unless a manual/source-locator row supports it.
A-CLAUSE-0095,Antigravity review,Question 1; L95,inference/system fact,Volume-load (tonnage) is defined as:,citation/identifier as embedded in report line,source-report text only,unassigned pending source check,UNVERIFIED—FULL TEXT REQUIRED,unclassified,not assessed,Conservative extraction row; retain no factual content unless a manual/source-locator row supports it.
A-CLAUSE-0096,Antigravity review,Question 1; L96,inference/system fact,$$\text{Volume-Load} = \sum_{i=1}^{n} (\text{Sets}_i \times \text{Reps}_i \times \text{Load}_i)$$,citation/identifier as embedded in report line,source-report text only,unassigned pending source check,UNVERIFIED—FULL TEXT REQUIRED,unclassified,not assessed,Conservative extraction row; retain no factual content unless a manual/source-locator row supports it.
A-CLAUSE-0098,Antigravity review,Question 1; L98,published finding,"Despite its ubiquity in fitness software, volume-load is **physiologically and mathematically invalid** as a progression scalar [Tier D; Vigotsky et al. 2018, PMID: 29967737, DOI: 10.7717/peerj.5071; Tier A; Alves et al. 2020, PMID: 33218168, DOI: 10.3390/sports8110149]:",citation/identifier as embedded in report line,source-report text only,unassigned pending source check,UNVERIFIED—FULL TEXT REQUIRED,unclassified,not assessed,Conservative extraction row; retain no factual content unless a manual/source-locator row supports it.
A-CLAUSE-0100,Antigravity review,Question 1; L100,inference/system fact,1. **Arithmetic Non-Equivalence:**,citation/identifier as embedded in report line,source-report text only,unassigned pending source check,UNVERIFIED—FULL TEXT REQUIRED,unclassified,not assessed,Conservative extraction row; retain no factual content unless a manual/source-locator row supports it.
A-CLAUSE-0101,Antigravity review,Question 1; L101,inference/system fact,"- 3 sets $\times$ 10 reps @ 100 kg = 3,000 kg (high metabolic fatigue, moderate tension).",citation/identifier as embedded in report line,source-report text only,unassigned pending source check,UNVERIFIED—FULL TEXT REQUIRED,unclassified,not assessed,Conservative extraction row; retain no factual content unless a manual/source-locator row supports it.
A-CLAUSE-0102,Antigravity review,Question 1; L102,inference/system fact,"- 10 sets $\times$ 3 reps @ 100 kg = 3,000 kg (maximal velocity, high neural power, minimal metabolic waste).",citation/identifier as embedded in report line,source-report text only,unassigned pending source check,UNVERIFIED—FULL TEXT REQUIRED,unclassified,not assessed,Conservative extraction row; retain no factual content unless a manual/source-locator row supports it.
A-CLAUSE-0103,Antigravity review,Question 1; L103,inference/system fact,"- 30 sets $\times$ 1 rep @ 100 kg = 3,000 kg (extreme intra-session recovery requirement).",citation/identifier as embedded in report line,source-report text only,unassigned pending source check,UNVERIFIED—FULL TEXT REQUIRED,unclassified,not assessed,Conservative extraction row; retain no factual content unless a manual/source-locator row supports it.
A-CLAUSE-0104,Antigravity review,Question 1; L104,inference/system fact,"- *Physiological Reality:* These protocols elicit radically different neuromuscular, hormonal, and metabolic stimuli, yet volume-load treats them as identical (3,000 kg).",citation/identifier as embedded in report line,source-report text only,unassigned pending source check,UNVERIFIED—FULL TEXT REQUIRED,unclassified,not assessed,Conservative extraction row; retain no factual content unless a manual/source-locator row supports it.
A-CLAUSE-0105,Antigravity review,Question 1; L105,inference/system fact,2. **Load Bias and High-Rep Inflation:**,citation/identifier as embedded in report line,source-report text only,unassigned pending source check,UNVERIFIED—FULL TEXT REQUIRED,unclassified,not assessed,Conservative extraction row; retain no factual content unless a manual/source-locator row supports it.
A-CLAUSE-0106,Antigravity review,Question 1; L106,published finding,"Because volume-load scales linearly with repetitions, low-load, high-rep sets yield vastly higher tonnage figures than heavy strength sets, despite producing inferior maximal strength adaptations [Tier A; Morton et al. 2016, PMID: 27174923; Tier A; Schoenfeld et al. 2017, PMID: 28834797]:",citation/identifier as embedded in report line,source-report text only,unassigned pending source check,UNVERIFIED—FULL TEXT REQUIRED,unclassified,not assessed,Conservative extraction row; retain no factual content unless a manual/source-locator row supports it.
A-CLAUSE-0107,Antigravity review,Question 1; L107,inference/system fact,"- 3 sets $\times$ 25 reps @ 50 kg = 3,750 kg.",citation/identifier as embedded in report line,source-report text only,unassigned pending source check,UNVERIFIED—FULL TEXT REQUIRED,unclassified,not assessed,Conservative extraction row; retain no factual content unless a manual/source-locator row supports it.
A-CLAUSE-0108,Antigravity review,Question 1; L108,inference/system fact,"- 3 sets $\times$ 5 reps @ 120 kg = 1,800 kg.",citation/identifier as embedded in report line,source-report text only,unassigned pending source check,UNVERIFIED—FULL TEXT REQUIRED,unclassified,not assessed,Conservative extraction row; retain no factual content unless a manual/source-locator row supports it.
A-CLAUSE-0109,Antigravity review,Question 1; L109,inference/system fact,"An athlete transitioning from high-rep hypertrophy training to heavy strength training will experience a >50% collapse in volume-load (from 3,750 kg to 1,800 kg) while true 1RM strength has substantially improved.",citation/identifier as embedded in report line,source-report text only,unassigned pending source check,UNVERIFIED—FULL TEXT REQUIRED,unclassified,not assessed,Conservative extraction row; retain no factual content unless a manual/source-locator row supports it.
A-CLAUSE-0110,Antigravity review,Question 1; L110,inference/system fact,"3. **Superiority of ""Hard Sets"" for Hypertrophic Quantification:**",citation/identifier as embedded in report line,source-report text only,unassigned pending source check,UNVERIFIED—FULL TEXT REQUIRED,unclassified,not assessed,Conservative extraction row; retain no factual content unless a manual/source-locator row supports it.
A-CLAUSE-0111,Antigravity review,Question 1; L111,published finding,"Meta-analyses confirm that counting **""Hard Sets""** (completed sets performed within $\le 2-3$ reps of failure, RPE $\ge 8$, regardless of load between $30-85\%$ 1RM) provides a robust, biologically valid metric of hypertrophic training volume ($R^2 = 0.68$), whereas volume-load exhibits no meaningful correlation ($R^2 = 0.09$) [Tier A; Baz-Valle et al. 2021, PMID: 30063555, DOI: 10.1519/JSC.0000000000002776; Tier A; Robinson et al. 2024, PMID: 38970765, DOI: 10.1007/s40279-024-02069-2; Tier B; Hermann et al. 2025, PMID: 40249908, DOI: 10.1249/MSS.0000000000003728].",citation/identifier as embedded in report line,source-report text only,unassigned pending source check,UNVERIFIED—FULL TEXT REQUIRED,unclassified,not assessed,Conservative extraction row; retain no factual content unless a manual/source-locator row supports it.
A-CLAUSE-0118,Antigravity review,Question 1; L118,inference/system fact,"1. **Tracking discrete, exercise-specific performance vectors** along defined mechanical axes (e.g., absolute load completed for a standardized repetition target; number of completed repetitions at a fixed load; number of weekly hard sets per muscle group).",citation/identifier as embedded in report line,source-report text only,unassigned pending source check,UNVERIFIED—FULL TEXT REQUIRED,unclassified,not assessed,Conservative extraction row; retain no factual content unless a manual/source-locator row supports it.
A-CLAUSE-0119,Antigravity review,Question 1; L119,inference/system fact,"2. **Treating maximal 1RM strength, high-velocity power, and local muscular endurance as independent physiological qualities** that must be monitored separately without mathematical aggregation.",citation/identifier as embedded in report line,source-report text only,unassigned pending source check,UNVERIFIED—FULL TEXT REQUIRED,unclassified,not assessed,Conservative extraction row; retain no factual content unless a manual/source-locator row supports it.
A-CLAUSE-0122,Antigravity review,Question 1; L122,inference/system fact,"1. **Creating a composite ""Strength Progression Index"", single-scalar ""Fitness Score"", or mathematical weighting across disparate exercises.**",citation/identifier as embedded in report line,source-report text only,unassigned pending source check,UNVERIFIED—FULL TEXT REQUIRED,unclassified,not assessed,Conservative extraction row; retain no factual content unless a manual/source-locator row supports it.
A-CLAUSE-0123,Antigravity review,Question 1; L123,inference/system fact,2. **Summing raw volume-load (tonnage) across sessions as an index of muscular strength adaptation or progressive overload.**,citation/identifier as embedded in report line,source-report text only,unassigned pending source check,UNVERIFIED—FULL TEXT REQUIRED,unclassified,not assessed,Conservative extraction row; retain no factual content unless a manual/source-locator row supports it.
A-CLAUSE-0124,Antigravity review,Question 1; L124,inference/system fact,3. **Assuming that improvements in repetition capacity at submaximal loads reflect increases in maximal 1RM force output.**,citation/identifier as embedded in report line,source-report text only,unassigned pending source check,UNVERIFIED—FULL TEXT REQUIRED,unclassified,not assessed,Conservative extraction row; retain no factual content unless a manual/source-locator row supports it.
A-CLAUSE-0132,Antigravity review,Question 2; L132,published finding,The submaximal 1RM prediction equation originally published by Epley (1985) [Tier E] assumes a linear relationship between repetitions to failure and percentage of 1RM:,citation/identifier as embedded in report line,source-report text only,unassigned pending source check,UNVERIFIED—FULL TEXT REQUIRED,unclassified,not assessed,Conservative extraction row; retain no factual content unless a manual/source-locator row supports it.
A-CLAUSE-0133,Antigravity review,Question 2; L133,inference/system fact,$$\text{Estimated 1RM (e1RM)} = \text{Load} \times \left(1 + \frac{\text{reps}}{30}\right)$$,citation/identifier as embedded in report line,source-report text only,unassigned pending source check,UNVERIFIED—FULL TEXT REQUIRED,unclassified,not assessed,Conservative extraction row; retain no factual content unless a manual/source-locator row supports it.
A-CLAUSE-0134,Antigravity review,Question 2; L134,inference/system fact,$$\text{percentage\_of\_1RM} = \frac{1}{1 + \frac{\text{repetitions}}{30}} = \frac{30}{30 + \text{repetitions}}$$,citation/identifier as embedded in report line,source-report text only,unassigned pending source check,UNVERIFIED—FULL TEXT REQUIRED,unclassified,not assessed,Conservative extraction row; retain no factual content unless a manual/source-locator row supports it.
A-CLAUSE-0136,Antigravity review,Question 2; L136,published finding,"When integrated with the Repetitions-in-Reserve (RIR) based Rating of Perceived Exertion (RPE) scale (where $\text{RIR} = 10 - \text{RPE}$ [Tier B−; Zourdos et al. 2016, PMID: 26049792, DOI: 10.1519/JSC.0000000000001049; Tier D; Helms et al. 2016, PMID: 27531969, DOI: 10.1519/SSC.0000000000000218]), estimated repetitions to task failure ($\text{RTF}$) becomes:",citation/identifier as embedded in report line,source-report text only,unassigned pending source check,UNVERIFIED—FULL TEXT REQUIRED,unclassified,not assessed,Conservative extraction row; retain no factual content unless a manual/source-locator row supports it.
A-CLAUSE-0137,Antigravity review,Question 2; L137,inference/system fact,$$\text{Estimated RTF} = \text{repetitions} + \text{RIR} = \text{repetitions} + (10 - \text{RPE})$$,citation/identifier as embedded in report line,source-report text only,unassigned pending source check,UNVERIFIED—FULL TEXT REQUIRED,unclassified,not assessed,Conservative extraction row; retain no factual content unless a manual/source-locator row supports it.
A-CLAUSE-0138,Antigravity review,Question 2; L138,inference/system fact,$$\text{percentage\_of\_1RM} = \frac{1}{1 + \frac{\text{repetitions} + (10 - \text{RPE})}{30}}$$,citation/identifier as embedded in report line,source-report text only,unassigned pending source check,UNVERIFIED—FULL TEXT REQUIRED,unclassified,not assessed,Conservative extraction row; retain no factual content unless a manual/source-locator row supports it.
A-CLAUSE-0139,Antigravity review,Question 2; L139,inference/system fact,$$\text{e1RM} = \text{Load} \times \left(1 + \frac{\text{repetitions} + (10 - \text{RPE})}{30}\right)$$,citation/identifier as embedded in report line,source-report text only,unassigned pending source check,UNVERIFIED—FULL TEXT REQUIRED,unclassified,not assessed,Conservative extraction row; retain no factual content unless a manual/source-locator row supports it.
A-CLAUSE-0145,Antigravity review,Question 2; L145,derived calculation,"The Epley model assumes an unvarying linear slope of fatigue of $1/30 \approx 3.333\%$ of 1RM per repetition across all human skeletal muscle, all exercises, and all individuals. Empirical testing demonstrates significant non-linear degradation:",citation/identifier as embedded in report line,source-report text only,unassigned pending source check,AUDITOR-DERIVED—NOT PUBLISHED,unclassified,not assessed,Conservative extraction row; retain no factual content unless a manual/source-locator row supports it.
A-CLAUSE-0148,Antigravity review,Question 2; L148,inference/system fact,+---------------------------------------------------------------------------------------------------+,citation/identifier as embedded in report line,source-report text only,unassigned pending source check,UNVERIFIED—FULL TEXT REQUIRED,unclassified,not assessed,Conservative extraction row; retain no factual content unless a manual/source-locator row supports it.
A-CLAUSE-0149,Antigravity review,Question 2; L149,inference/system fact,|                        EMPIRICAL ACCURACY OF 1RM PREDICTION EQUATIONS                             |,citation/identifier as embedded in report line,source-report text only,unassigned pending source check,UNVERIFIED—FULL TEXT REQUIRED,unclassified,not assessed,Conservative extraction row; retain no factual content unless a manual/source-locator row supports it.
A-CLAUSE-0150,Antigravity review,Question 2; L150,inference/system fact,+-------------------+--------------------+------------------------+---------------------------------+,citation/identifier as embedded in report line,source-report text only,unassigned pending source check,UNVERIFIED—FULL TEXT REQUIRED,unclassified,not assessed,Conservative extraction row; retain no factual content unless a manual/source-locator row supports it.
A-CLAUSE-0151,Antigravity review,Question 2; L151,inference/system fact,| Repetition Range  | Mean Error (%)     | SEE (% / kg)           | Primary Empirical Sources       |,citation/identifier as embedded in report line,source-report text only,unassigned pending source check,UNVERIFIED—FULL TEXT REQUIRED,unclassified,not assessed,Conservative extraction row; retain no factual content unless a manual/source-locator row supports it.
A-CLAUSE-0152,Antigravity review,Question 2; L152,inference/system fact,+-------------------+--------------------+------------------------+---------------------------------+,citation/identifier as embedded in report line,source-report text only,unassigned pending source check,UNVERIFIED—FULL TEXT REQUIRED,unclassified,not assessed,Conservative extraction row; retain no factual content unless a manual/source-locator row supports it.
A-CLAUSE-0153,Antigravity review,Question 2; L153,inference/system fact,"| 1 – 5 Reps        | ±1.5% to ±3.5%     | SEE: 2.5% – 4.5%       | Reynolds (2006), LeSuer (1997)  |",citation/identifier as embedded in report line,source-report text only,unassigned pending source check,UNVERIFIED—FULL TEXT REQUIRED,unclassified,not assessed,Conservative extraction row; retain no factual content unless a manual/source-locator row supports it.
A-CLAUSE-0154,Antigravity review,Question 2; L154,inference/system fact,"| 6 – 10 Reps       | ±4.0% to ±8.5%     | SEE: 5.0% – 8.0%       | Wood (2002), Nascimento (2007)  |",citation/identifier as embedded in report line,source-report text only,unassigned pending source check,UNVERIFIED—FULL TEXT REQUIRED,unclassified,not assessed,Conservative extraction row; retain no factual content unless a manual/source-locator row supports it.
A-CLAUSE-0155,Antigravity review,Question 2; L155,inference/system fact,"| > 10 Reps         | ±10.0% to >20.0%   | SEE: >12.0% (Wide LoA) | Shimano (2006), Morales (1996)  |",citation/identifier as embedded in report line,source-report text only,unassigned pending source check,UNVERIFIED—FULL TEXT REQUIRED,unclassified,not assessed,Conservative extraction row; retain no factual content unless a manual/source-locator row supports it.
A-CLAUSE-0156,Antigravity review,Question 2; L156,inference/system fact,+-------------------+--------------------+------------------------+---------------------------------+,citation/identifier as embedded in report line,source-report text only,unassigned pending source check,UNVERIFIED—FULL TEXT REQUIRED,unclassified,not assessed,Conservative extraction row; retain no factual content unless a manual/source-locator row supports it.
A-CLAUSE-0160,Antigravity review,Question 2; L160,published finding,"1. **Reynolds, Gordon, & Robergs (2006)** [Tier B−; PMID: 16937972, DOI: 10.1519/1533-4287(2006)20[584:POORMS]2.0.CO;2]:",citation/identifier as embedded in report line,source-report text only,unassigned pending source check,UNVERIFIED—FULL TEXT REQUIRED,unclassified,not assessed,Conservative extraction row; retain no factual content unless a manual/source-locator row supports it.
A-CLAUSE-0161,Antigravity review,Question 2; L161,inference/system fact,- **Population:** $n=70$ resistance-trained men and women ($34.1 \pm 9.4$ years).,citation/identifier as embedded in report line,source-report text only,unassigned pending source check,UNVERIFIED—FULL TEXT REQUIRED,unclassified,not assessed,Conservative extraction row; retain no factual content unless a manual/source-locator row supports it.
A-CLAUSE-0162,Antigravity review,Question 2; L162,inference/system fact,- **Findings:** Evaluated 10 submaximal 1RM prediction models on the chest press and 45° leg press at 5RM and 10RM.,citation/identifier as embedded in report line,source-report text only,unassigned pending source check,UNVERIFIED—FULL TEXT REQUIRED,unclassified,not assessed,Conservative extraction row; retain no factual content unless a manual/source-locator row supports it.
A-CLAUSE-0163,Antigravity review,Question 2; L163,inference/system fact,"- **Error Metrics:** For the chest press (upper body), the Epley formula was among the most accurate models at 5RM ($\text{SEE} = 4.4\text{ kg}$, $4.8\%$). On the leg press (lower body), prediction error expanded substantially ($\text{SEE} = 22.3\text{ kg}$, $8.9\%$). Across all equations, accuracy degraded dramatically from 5RM to 10RM.",citation/identifier as embedded in report line,source-report text only,unassigned pending source check,UNVERIFIED—FULL TEXT REQUIRED,unclassified,not assessed,Conservative extraction row; retain no factual content unless a manual/source-locator row supports it.
A-CLAUSE-0164,Antigravity review,Question 2; L164,published finding,"2. **LeSuer, McCormick, Mayhew, et al. (1997)** [Tier B−; DOI: 10.1519/1533-4287(1997)011<0211:TAOPEF>2.3.CO;2]:",citation/identifier as embedded in report line,source-report text only,unassigned pending source check,UNVERIFIED—FULL TEXT REQUIRED,unclassified,not assessed,Conservative extraction row; retain no factual content unless a manual/source-locator row supports it.
A-CLAUSE-0165,Antigravity review,Question 2; L165,inference/system fact,- **Population:** $n=51$ college-aged men and women ($21.4 \pm 2.1$ years).,citation/identifier as embedded in report line,source-report text only,unassigned pending source check,UNVERIFIED—FULL TEXT REQUIRED,unclassified,not assessed,Conservative extraction row; retain no factual content unless a manual/source-locator row supports it.
A-CLAUSE-0166,Antigravity review,Question 2; L166,inference/system fact,"- **Findings:** Evaluated 7 prediction equations across the bench press, squat, and deadlift.",citation/identifier as embedded in report line,source-report text only,unassigned pending source check,UNVERIFIED—FULL TEXT REQUIRED,unclassified,not assessed,Conservative extraction row; retain no factual content unless a manual/source-locator row supports it.
A-CLAUSE-0167,Antigravity review,Question 2; L167,inference/system fact,- **Error Metrics:**,citation/identifier as embedded in report line,source-report text only,unassigned pending source check,UNVERIFIED—FULL TEXT REQUIRED,unclassified,not assessed,Conservative extraction row; retain no factual content unless a manual/source-locator row supports it.
A-CLAUSE-0168,Antigravity review,Question 2; L168,inference/system fact,"- *Bench Press:* Epley was highly accurate (Mean Difference: $-0.2\text{ kg}$, $\text{SEE} = 3.0\text{ kg}$, $r = 0.98$).",citation/identifier as embedded in report line,source-report text only,unassigned pending source check,UNVERIFIED—FULL TEXT REQUIRED,unclassified,not assessed,Conservative extraction row; retain no factual content unless a manual/source-locator row supports it.
A-CLAUSE-0169,Antigravity review,Question 2; L169,inference/system fact,"- *Back Squat:* Epley significantly **underestimated** actual 1RM by an average of $-6.8\text{ kg}$ ($-5.4\%$, $p < 0.01$).",citation/identifier as embedded in report line,source-report text only,unassigned pending source check,UNVERIFIED—FULL TEXT REQUIRED,unclassified,not assessed,Conservative extraction row; retain no factual content unless a manual/source-locator row supports it.
A-CLAUSE-0170,Antigravity review,Question 2; L170,inference/system fact,"- *Deadlift:* Epley significantly **underestimated** actual 1RM by $-9.4\text{ kg}$ ($-6.9\%$, $p < 0.01$).",citation/identifier as embedded in report line,source-report text only,unassigned pending source check,UNVERIFIED—FULL TEXT REQUIRED,unclassified,not assessed,Conservative extraction row; retain no factual content unless a manual/source-locator row supports it.
A-CLAUSE-0171,Antigravity review,Question 2; L171,published finding,"3. **Wood, Maddalozzo, & Harter (2002)** [Tier B−; DOI: 10.1207/s15327841mpee0602_1]:",citation/identifier as embedded in report line,source-report text only,unassigned pending source check,UNVERIFIED—FULL TEXT REQUIRED,unclassified,not assessed,Conservative extraction row; retain no factual content unless a manual/source-locator row supports it.
A-CLAUSE-0172,Antigravity review,Question 2; L172,inference/system fact,- **Population:** $n=88$ older adults ($60-84$ years).,citation/identifier as embedded in report line,source-report text only,unassigned pending source check,UNVERIFIED—FULL TEXT REQUIRED,unclassified,not assessed,Conservative extraction row; retain no factual content unless a manual/source-locator row supports it.
A-CLAUSE-0173,Antigravity review,Question 2; L173,inference/system fact,- **Findings:** Evaluated 7 prediction equations across 8 resistance exercises.,citation/identifier as embedded in report line,source-report text only,unassigned pending source check,UNVERIFIED—FULL TEXT REQUIRED,unclassified,not assessed,Conservative extraction row; retain no factual content unless a manual/source-locator row supports it.
A-CLAUSE-0174,Antigravity review,Question 2; L174,inference/system fact,"- **Error Metrics:** Individual 95% Limits of Agreement spanned $-14\%$ to $+18\%$, with lower-body multi-joint movements demonstrating more than double the prediction variance of upper-body single-joint lifts.",citation/identifier as embedded in report line,source-report text only,unassigned pending source check,UNVERIFIED—FULL TEXT REQUIRED,unclassified,not assessed,Conservative extraction row; retain no factual content unless a manual/source-locator row supports it.
A-CLAUSE-0180,Antigravity review,Question 2; L180,inference/system fact,Incorporating self-reported RPE/RIR introduces a substantial psychophysical error layer. Meta-analytic literature reveals a severe **proximity-to-failure moderation effect**:,citation/identifier as embedded in report line,source-report text only,unassigned pending source check,UNVERIFIED—FULL TEXT REQUIRED,unclassified,not assessed,Conservative extraction row; retain no factual content unless a manual/source-locator row supports it.
A-CLAUSE-0183,Antigravity review,Question 2; L183,inference/system fact,+---------------------------------------------------------------------------------------------------+,citation/identifier as embedded in report line,source-report text only,unassigned pending source check,UNVERIFIED—FULL TEXT REQUIRED,unclassified,not assessed,Conservative extraction row; retain no factual content unless a manual/source-locator row supports it.
A-CLAUSE-0184,Antigravity review,Question 2; L184,inference/system fact,|                        RIR ESTIMATION ERROR BY PROXIMITY TO FAILURE                               |,citation/identifier as embedded in report line,source-report text only,unassigned pending source check,UNVERIFIED—FULL TEXT REQUIRED,unclassified,not assessed,Conservative extraction row; retain no factual content unless a manual/source-locator row supports it.
A-CLAUSE-0185,Antigravity review,Question 2; L185,inference/system fact,+-------------------+--------------------------+-----------------------+----------------------------+,citation/identifier as embedded in report line,source-report text only,unassigned pending source check,UNVERIFIED—FULL TEXT REQUIRED,unclassified,not assessed,Conservative extraction row; retain no factual content unless a manual/source-locator row supports it.
A-CLAUSE-0186,Antigravity review,Question 2; L186,inference/system fact,| Distance to Fail  | Mean Absolute Error (MAE)| Systematic Bias       | Meta-Analytic Reference    |,citation/identifier as embedded in report line,source-report text only,unassigned pending source check,UNVERIFIED—FULL TEXT REQUIRED,unclassified,not assessed,Conservative extraction row; retain no factual content unless a manual/source-locator row supports it.
A-CLAUSE-0187,Antigravity review,Question 2; L187,inference/system fact,+-------------------+--------------------------+-----------------------+----------------------------+,citation/identifier as embedded in report line,source-report text only,unassigned pending source check,UNVERIFIED—FULL TEXT REQUIRED,unclassified,not assessed,Conservative extraction row; retain no factual content unless a manual/source-locator row supports it.
A-CLAUSE-0188,Antigravity review,Question 2; L188,inference/system fact,"| 0 – 2 RIR         | 0.70 – 0.95 repetitions  | Minimal bias (±0.3)   | Halperin (2022), Refalo    |",citation/identifier as embedded in report line,source-report text only,unassigned pending source check,UNVERIFIED—FULL TEXT REQUIRED,unclassified,not assessed,Conservative extraction row; retain no factual content unless a manual/source-locator row supports it.
A-CLAUSE-0189,Antigravity review,Question 2; L189,inference/system fact,"| 3 – 5 RIR         | 1.50 – 2.40 repetitions  | Underpredicts reps    | (2022, 2024), Steele (2017)|",citation/identifier as embedded in report line,source-report text only,unassigned pending source check,UNVERIFIED—FULL TEXT REQUIRED,unclassified,not assessed,Conservative extraction row; retain no factual content unless a manual/source-locator row supports it.
A-CLAUSE-0190,Antigravity review,Question 2; L190,inference/system fact,"| > 5 RIR           | > 2.80 – 4.50 repetitions| Severe underprediction| Hackett (2012, 2017, 2018) |",citation/identifier as embedded in report line,source-report text only,unassigned pending source check,UNVERIFIED—FULL TEXT REQUIRED,unclassified,not assessed,Conservative extraction row; retain no factual content unless a manual/source-locator row supports it.
A-CLAUSE-0191,Antigravity review,Question 2; L191,inference/system fact,+-------------------+--------------------------+-----------------------+----------------------------+,citation/identifier as embedded in report line,source-report text only,unassigned pending source check,UNVERIFIED—FULL TEXT REQUIRED,unclassified,not assessed,Conservative extraction row; retain no factual content unless a manual/source-locator row supports it.
A-CLAUSE-0195,Antigravity review,Question 2; L195,published finding,"1. **Halperin, Malleron, Har-Nir, et al. (2022)** [Tier A; PMID: 34542869, DOI: 10.1007/s40279-021-01559-x]:",citation/identifier as embedded in report line,source-report text only,unassigned pending source check,UNVERIFIED—FULL TEXT REQUIRED,unclassified,not assessed,Conservative extraction row; retain no factual content unless a manual/source-locator row supports it.
A-CLAUSE-0196,Antigravity review,Question 2; L196,inference/system fact,"- **Design:** Systematic review and exploratory meta-analysis of 13 studies ($n=414$ participants, 262 effect sizes).",citation/identifier as embedded in report line,source-report text only,unassigned pending source check,UNVERIFIED—FULL TEXT REQUIRED,unclassified,not assessed,Conservative extraction row; retain no factual content unless a manual/source-locator row supports it.
A-CLAUSE-0197,Antigravity review,Question 2; L197,inference/system fact,- **Findings:** Pooled Mean Absolute Error (MAE) across all resistance sets was **$1.15 \pm 0.40$ repetitions**.,citation/identifier as embedded in report line,source-report text only,unassigned pending source check,UNVERIFIED—FULL TEXT REQUIRED,unclassified,not assessed,Conservative extraction row; retain no factual content unless a manual/source-locator row supports it.
A-CLAUSE-0198,Antigravity review,Question 2; L198,inference/system fact,"- **Proximity Moderation:** At $0-2$ RIR, MAE was $0.80 \pm 0.25$ reps. At $\ge 4$ RIR, MAE more than doubled to **$2.30 \pm 0.70$ reps**.",citation/identifier as embedded in report line,source-report text only,unassigned pending source check,UNVERIFIED—FULL TEXT REQUIRED,unclassified,not assessed,Conservative extraction row; retain no factual content unless a manual/source-locator row supports it.
A-CLAUSE-0199,Antigravity review,Question 2; L199,inference/system fact,"- **Repetition Scale Explosion:** In high-repetition sets ($>12$ reps), prediction error increased substantially ($\beta = 0.47$ reps error per rep, 95% CI: $0.44, 0.49$).",citation/identifier as embedded in report line,source-report text only,unassigned pending source check,UNVERIFIED—FULL TEXT REQUIRED,unclassified,not assessed,Conservative extraction row; retain no factual content unless a manual/source-locator row supports it.
A-CLAUSE-0200,Antigravity review,Question 2; L200,inference/system fact,"- **Experience Invariance:** Training status did not eliminate error ($\beta = -0.006$ reps, 95% CI: $-0.02, 0.007$), showing experienced lifters make systematic errors when far from failure.",citation/identifier as embedded in report line,source-report text only,unassigned pending source check,UNVERIFIED—FULL TEXT REQUIRED,unclassified,not assessed,Conservative extraction row; retain no factual content unless a manual/source-locator row supports it.
A-CLAUSE-0201,Antigravity review,Question 2; L201,published finding,"2. **Refalo, Remmert, Pelland, et al. (2024)** [Tier B−; PMID: 37967832, DOI: 10.1519/JSC.0000000000004653]:",citation/identifier as embedded in report line,source-report text only,unassigned pending source check,UNVERIFIED—FULL TEXT REQUIRED,unclassified,not assessed,Conservative extraction row; retain no factual content unless a manual/source-locator row supports it.
A-CLAUSE-0202,Antigravity review,Question 2; L202,inference/system fact,- **Population:** $n=24$ resistance-trained men and women.,citation/identifier as embedded in report line,source-report text only,unassigned pending source check,UNVERIFIED—FULL TEXT REQUIRED,unclassified,not assessed,Conservative extraction row; retain no factual content unless a manual/source-locator row supports it.
A-CLAUSE-0203,Antigravity review,Question 2; L203,inference/system fact,"- **Findings:** Evaluated intraset RIR accuracy on bench press. Lifters underpredicted repetitions to failure by $1.8 \pm 1.1$ reps at 4 RIR, contracting to $0.6 \pm 0.5$ reps at 1 RIR.",citation/identifier as embedded in report line,source-report text only,unassigned pending source check,UNVERIFIED—FULL TEXT REQUIRED,unclassified,not assessed,Conservative extraction row; retain no factual content unless a manual/source-locator row supports it.
A-CLAUSE-0204,Antigravity review,Question 2; L204,published finding,"3. **Hackett, Cobley, Davies, et al. (2017)** [Tier B−; PMID: 27787474, DOI: 10.1519/JSC.0000000000001683] & **Hackett et al. (2018)** [Tier B−; PMID: 29337829, DOI: 10.1519/JSC.0000000000002419]:",citation/identifier as embedded in report line,source-report text only,unassigned pending source check,UNVERIFIED—FULL TEXT REQUIRED,unclassified,not assessed,Conservative extraction row; retain no factual content unless a manual/source-locator row supports it.
A-CLAUSE-0205,Antigravity review,Question 2; L205,inference/system fact,- **Population:** Resistance-trained males.,citation/identifier as embedded in report line,source-report text only,unassigned pending source check,UNVERIFIED—FULL TEXT REQUIRED,unclassified,not assessed,Conservative extraction row; retain no factual content unless a manual/source-locator row supports it.
A-CLAUSE-0206,Antigravity review,Question 2; L206,inference/system fact,"- **Findings:** Lifters exhibited absolute error of $0.8 \pm 0.4$ reps at 1 RIR, but underpredicted repetitions by up to **$3.5 \pm 1.2$ reps** when 5 reps away from failure.",citation/identifier as embedded in report line,source-report text only,unassigned pending source check,UNVERIFIED—FULL TEXT REQUIRED,unclassified,not assessed,Conservative extraction row; retain no factual content unless a manual/source-locator row supports it.
A-CLAUSE-0207,Antigravity review,Question 2; L207,published finding,"4. **Steele, Endres, Fisher, et al. (2017)** [Tier B−; PMID: 29204323, DOI: 10.7717/peerj.4105] & **Armes et al. (2020)** [Tier B−; PMID: 33424678, DOI: 10.3389/fpsyg.2020.565416]:",citation/identifier as embedded in report line,source-report text only,unassigned pending source check,UNVERIFIED—FULL TEXT REQUIRED,unclassified,not assessed,Conservative extraction row; retain no factual content unless a manual/source-locator row supports it.
A-CLAUSE-0208,Antigravity review,Question 2; L208,inference/system fact,"- **Findings:** Unsupervised lifters exhibit a systematic **underestimation bias**: when instructed to stop at ""2 RIR"", subjects regularly stop with 4 to 7 actual repetitions in reserve due to discomfort aversion.",citation/identifier as embedded in report line,source-report text only,unassigned pending source check,UNVERIFIED—FULL TEXT REQUIRED,unclassified,not assessed,Conservative extraction row; retain no factual content unless a manual/source-locator row supports it.
A-CLAUSE-0215,Antigravity review,Question 2; L215,published finding,"In a systematic review and meta-analysis of 32 studies ($n=1,595$), Grgic et al. (2020) [Tier A; PMID: 32681399, DOI: 10.1186/s40798-020-00260-z] established the baseline reliability of laboratory 1RM testing:",citation/identifier as embedded in report line,source-report text only,unassigned pending source check,UNVERIFIED—FULL TEXT REQUIRED,unclassified,not assessed,Conservative extraction row; retain no factual content unless a manual/source-locator row supports it.
A-CLAUSE-0216,Antigravity review,Question 2; L216,inference/system fact,- **Intraclass Correlation Coefficient (ICC):** Median $ICC = 0.97$ ($0.64 - 0.99$).,citation/identifier as embedded in report line,source-report text only,unassigned pending source check,UNVERIFIED—FULL TEXT REQUIRED,unclassified,not assessed,Conservative extraction row; retain no factual content unless a manual/source-locator row supports it.
A-CLAUSE-0217,Antigravity review,Question 2; L217,inference/system fact,- **Coefficient of Variation (CV):** Median $CV = 4.2\%$ ($0.5\% - 12.1\%$).,citation/identifier as embedded in report line,source-report text only,unassigned pending source check,UNVERIFIED—FULL TEXT REQUIRED,unclassified,not assessed,Conservative extraction row; retain no factual content unless a manual/source-locator row supports it.
A-CLAUSE-0218,Antigravity review,Question 2; L218,derived calculation,- **Standard Error of Measurement (SEM):** $\approx 2.0\% - 4.0\%$.,citation/identifier as embedded in report line,source-report text only,unassigned pending source check,AUDITOR-DERIVED—NOT PUBLISHED,unclassified,not assessed,Conservative extraction row; retain no factual content unless a manual/source-locator row supports it.
A-CLAUSE-0219,Antigravity review,Question 2; L219,inference/system fact,- **Minimal Detectable Change at 95% Confidence ($\text{MDC}_{95}$):**,citation/identifier as embedded in report line,source-report text only,unassigned pending source check,UNVERIFIED—FULL TEXT REQUIRED,unclassified,not assessed,Conservative extraction row; retain no factual content unless a manual/source-locator row supports it.
A-CLAUSE-0220,Antigravity review,Question 2; L220,derived calculation,$$\text{MDC}_{95} = \text{SEM} \times 1.96 \times \sqrt{2} = 2.77 \times \text{SEM} \approx \mathbf{5.5\% - 11.1\%}$$,citation/identifier as embedded in report line,source-report text only,unassigned pending source check,AUDITOR-DERIVED—NOT PUBLISHED,unclassified,not assessed,Conservative extraction row; retain no factual content unless a manual/source-locator row supports it.
A-CLAUSE-0221,Antigravity review,Question 2; L221,inference/system fact,"*Even in supervised laboratory conditions with direct maximal testing, a single-session change of $<5.5-11.1\%$ cannot be distinguished from random measurement noise.*",citation/identifier as embedded in report line,source-report text only,unassigned pending source check,UNVERIFIED—FULL TEXT REQUIRED,unclassified,not assessed,Conservative extraction row; retain no factual content unless a manual/source-locator row supports it.
A-CLAUSE-0224,Antigravity review,Question 2; L224,inference/system fact,"When submaximal repetitions and self-reported RIR are combined, errors propagate multiplicatively:",citation/identifier as embedded in report line,source-report text only,unassigned pending source check,UNVERIFIED—FULL TEXT REQUIRED,unclassified,not assessed,Conservative extraction row; retain no factual content unless a manual/source-locator row supports it.
A-CLAUSE-0225,Antigravity review,Question 2; L225,inference/system fact,$$\text{e1RM} = \text{Load} \times \left(1 + \frac{\text{reps} + \text{RIR}_{\text{reported}}}{30}\right)$$,citation/identifier as embedded in report line,source-report text only,unassigned pending source check,UNVERIFIED—FULL TEXT REQUIRED,unclassified,not assessed,Conservative extraction row; retain no factual content unless a manual/source-locator row supports it.
A-CLAUSE-0227,Antigravity review,Question 2; L227,inference/system fact,Let total error in effective repetitions ($\Delta R$) be the sum of Epley equation bias ($\pm 1-2$ reps equivalent) and RIR reporting error ($\pm 1-3$ reps):,citation/identifier as embedded in report line,source-report text only,unassigned pending source check,UNVERIFIED—FULL TEXT REQUIRED,unclassified,not assessed,Conservative extraction row; retain no factual content unless a manual/source-locator row supports it.
A-CLAUSE-0228,Antigravity review,Question 2; L228,inference/system fact,$$\Delta R = \pm 2 \text{ to } 4 \text{ repetitions}$$,citation/identifier as embedded in report line,source-report text only,unassigned pending source check,UNVERIFIED—FULL TEXT REQUIRED,unclassified,not assessed,Conservative extraction row; retain no factual content unless a manual/source-locator row supports it.
A-CLAUSE-0229,Antigravity review,Question 2; L229,derived calculation,$$\% \text{ Error in e1RM} \approx \frac{\Delta R}{30 + R_{\text{true}}}$$,citation/identifier as embedded in report line,source-report text only,unassigned pending source check,AUDITOR-DERIVED—NOT PUBLISHED,unclassified,not assessed,Conservative extraction row; retain no factual content unless a manual/source-locator row supports it.
A-CLAUSE-0231,Antigravity review,Question 2; L231,inference/system fact,For an 8-repetition set:,citation/identifier as embedded in report line,source-report text only,unassigned pending source check,UNVERIFIED—FULL TEXT REQUIRED,unclassified,not assessed,Conservative extraction row; retain no factual content unless a manual/source-locator row supports it.
A-CLAUSE-0232,Antigravity review,Question 2; L232,inference/system fact,"- If an athlete performs 8 reps at 100 kg and reports RPE 8 ($\text{RIR} = 2$, calculated total reps $= 10$):",citation/identifier as embedded in report line,source-report text only,unassigned pending source check,UNVERIFIED—FULL TEXT REQUIRED,unclassified,not assessed,Conservative extraction row; retain no factual content unless a manual/source-locator row supports it.
A-CLAUSE-0233,Antigravity review,Question 2; L233,inference/system fact,$$\text{Calculated e1RM} = 100 \times \left(1 + \frac{10}{30}\right) = 133.3\text{ kg}$$,citation/identifier as embedded in report line,source-report text only,unassigned pending source check,UNVERIFIED—FULL TEXT REQUIRED,unclassified,not assessed,Conservative extraction row; retain no factual content unless a manual/source-locator row supports it.
A-CLAUSE-0234,Antigravity review,Question 2; L234,inference/system fact,- If true RIR was 5 (standard underestimation error at $>3$ RIR; true capacity $= 13$ reps):,citation/identifier as embedded in report line,source-report text only,unassigned pending source check,UNVERIFIED—FULL TEXT REQUIRED,unclassified,not assessed,Conservative extraction row; retain no factual content unless a manual/source-locator row supports it.
A-CLAUSE-0235,Antigravity review,Question 2; L235,inference/system fact,$$\text{True e1RM} = 100 \times \left(1 + \frac{13}{30}\right) = 143.3\text{ kg}$$,citation/identifier as embedded in report line,source-report text only,unassigned pending source check,UNVERIFIED—FULL TEXT REQUIRED,unclassified,not assessed,Conservative extraction row; retain no factual content unless a manual/source-locator row supports it.
A-CLAUSE-0236,Antigravity review,Question 2; L236,inference/system fact,*Error:* **$-10.0\text{ kg}$ ($-7.0\%$) underestimation**.,citation/identifier as embedded in report line,source-report text only,unassigned pending source check,UNVERIFIED—FULL TEXT REQUIRED,unclassified,not assessed,Conservative extraction row; retain no factual content unless a manual/source-locator row supports it.
A-CLAUSE-0237,Antigravity review,Question 2; L237,inference/system fact,"- If the athlete performed 12 reps on leg press and reported RPE 9 ($\text{RIR} = 1$, total $= 13$ reps $\rightarrow 143.3\text{ kg}$), but true 1RM is only 125 kg due to high-rep endurance:",citation/identifier as embedded in report line,source-report text only,unassigned pending source check,UNVERIFIED—FULL TEXT REQUIRED,unclassified,not assessed,Conservative extraction row; retain no factual content unless a manual/source-locator row supports it.
A-CLAUSE-0238,Antigravity review,Question 2; L238,inference/system fact,*Error:* **$+18.3\text{ kg}$ ($+14.6\%$) overestimation**.,citation/identifier as embedded in report line,source-report text only,unassigned pending source check,UNVERIFIED—FULL TEXT REQUIRED,unclassified,not assessed,Conservative extraction row; retain no factual content unless a manual/source-locator row supports it.
A-CLAUSE-0241,Antigravity review,Question 2; L241,inference/system fact,+---------------------------------------------------------------------------------------------------+,citation/identifier as embedded in report line,source-report text only,unassigned pending source check,UNVERIFIED—FULL TEXT REQUIRED,unclassified,not assessed,Conservative extraction row; retain no factual content unless a manual/source-locator row supports it.
A-CLAUSE-0242,Antigravity review,Question 2; L242,inference/system fact,|                        COMPOUNDED TYPICAL ERROR AND MDC FOR e1RM                                  |,citation/identifier as embedded in report line,source-report text only,unassigned pending source check,UNVERIFIED—FULL TEXT REQUIRED,unclassified,not assessed,Conservative extraction row; retain no factual content unless a manual/source-locator row supports it.
A-CLAUSE-0243,Antigravity review,Question 2; L243,inference/system fact,+----------------------------+-----------------------+---------------------+------------------------+,citation/identifier as embedded in report line,source-report text only,unassigned pending source check,UNVERIFIED—FULL TEXT REQUIRED,unclassified,not assessed,Conservative extraction row; retain no factual content unless a manual/source-locator row supports it.
A-CLAUSE-0244,Antigravity review,Question 2; L244,inference/system fact,| Metric                     | Typical Error (CV %)  | SEM (%)             | Minimal Detectable     |,citation/identifier as embedded in report line,source-report text only,unassigned pending source check,UNVERIFIED—FULL TEXT REQUIRED,unclassified,not assessed,Conservative extraction row; retain no factual content unless a manual/source-locator row supports it.
A-CLAUSE-0245,Antigravity review,Question 2; L245,inference/system fact,|                            |                       |                     | Change (MDC95 %)       |,citation/identifier as embedded in report line,source-report text only,unassigned pending source check,UNVERIFIED—FULL TEXT REQUIRED,unclassified,not assessed,Conservative extraction row; retain no factual content unless a manual/source-locator row supports it.
A-CLAUSE-0246,Antigravity review,Question 2; L246,inference/system fact,+----------------------------+-----------------------+---------------------+------------------------+,citation/identifier as embedded in report line,source-report text only,unassigned pending source check,UNVERIFIED—FULL TEXT REQUIRED,unclassified,not assessed,Conservative extraction row; retain no factual content unless a manual/source-locator row supports it.
A-CLAUSE-0247,Antigravity review,Question 2; L247,inference/system fact,| Direct 1RM Test (Lab)      | 2.0% – 4.5%           | 2.0% – 3.8%         | 5.5% – 10.5%           |,citation/identifier as embedded in report line,source-report text only,unassigned pending source check,UNVERIFIED—FULL TEXT REQUIRED,unclassified,not assessed,Conservative extraction row; retain no factual content unless a manual/source-locator row supports it.
A-CLAUSE-0248,Antigravity review,Question 2; L248,inference/system fact,"| e1RM (<=5 reps, <=1 RIR)   | 4.5% – 6.5%           | 4.0% – 6.0%         | 11.1% – 16.6%          |",citation/identifier as embedded in report line,source-report text only,unassigned pending source check,UNVERIFIED—FULL TEXT REQUIRED,unclassified,not assessed,Conservative extraction row; retain no factual content unless a manual/source-locator row supports it.
A-CLAUSE-0249,Antigravity review,Question 2; L249,inference/system fact,"| e1RM (6-10 reps, 2-3 RIR)  | 7.0% – 11.0%          | 6.5% – 10.0%        | 18.0% – 27.7%          |",citation/identifier as embedded in report line,source-report text only,unassigned pending source check,UNVERIFIED—FULL TEXT REQUIRED,unclassified,not assessed,Conservative extraction row; retain no factual content unless a manual/source-locator row supports it.
A-CLAUSE-0250,Antigravity review,Question 2; L250,inference/system fact,"| e1RM (>10 reps, >3 RIR)    | 12.0% – 18.0%         | > 12.0%             | > 33.0% (Total Noise)  |",citation/identifier as embedded in report line,source-report text only,unassigned pending source check,UNVERIFIED—FULL TEXT REQUIRED,unclassified,not assessed,Conservative extraction row; retain no factual content unless a manual/source-locator row supports it.
A-CLAUSE-0251,Antigravity review,Question 2; L251,inference/system fact,+----------------------------+-----------------------+---------------------+------------------------+,citation/identifier as embedded in report line,source-report text only,unassigned pending source check,UNVERIFIED—FULL TEXT REQUIRED,unclassified,not assessed,Conservative extraction row; retain no factual content unless a manual/source-locator row supports it.
A-CLAUSE-0258,Antigravity review,Question 2; L258,inference/system fact,"1. **The Autoregulated Load Spiral:** If an app uses e1RM to auto-prescribe future weights, a session where an athlete cut range of motion or underreported RPE (e.g., logging RPE 8 on a half-squat) yields an inflated e1RM ($+10-15\%$). In the subsequent session, the app prescribes heavier weights, forcing further biomechanical compromise, acute overreaching, or catastrophic tissue injury.",citation/identifier as embedded in report line,source-report text only,unassigned pending source check,UNVERIFIED—FULL TEXT REQUIRED,unclassified,not assessed,Conservative extraction row; retain no factual content unless a manual/source-locator row supports it.
A-CLAUSE-0259,Antigravity review,Question 2; L259,derived calculation,"2. **False Progression from Repetition Endurance:** An athlete improving high-rep buffering capacity from 12 reps to 15 reps at 70% 1RM gains $\approx 10\%$ in e1RM via Epley, despite zero gain in true 1RM neural force.",citation/identifier as embedded in report line,source-report text only,unassigned pending source check,AUDITOR-DERIVED—NOT PUBLISHED,unclassified,not assessed,Conservative extraction row; retain no factual content unless a manual/source-locator row supports it.
A-CLAUSE-0260,Antigravity review,Question 2; L260,inference/system fact,"3. **Chasing Stochastic Noise:** Session-to-session fluctuations of $3-8\%$ in e1RM occur normally due to circadian rhythm, sleep, hydration, and rating variance. Displaying daily e1RM graphs encourages athletes to chase random noise.",citation/identifier as embedded in report line,source-report text only,unassigned pending source check,UNVERIFIED—FULL TEXT REQUIRED,unclassified,not assessed,Conservative extraction row; retain no factual content unless a manual/source-locator row supports it.
A-CLAUSE-0267,Antigravity review,Question 2; L267,inference/system fact,"1. **Calculating e1RM via Epley as a rough, submaximal descriptive reference strictly restricted to sets with $\le 5$ completed repetitions and reported $\text{RPE} \ge 9$ ($\le 1$ RIR)**.",citation/identifier as embedded in report line,source-report text only,unassigned pending source check,UNVERIFIED—FULL TEXT REQUIRED,unclassified,not assessed,Conservative extraction row; retain no factual content unless a manual/source-locator row supports it.
A-CLAUSE-0268,Antigravity review,Question 2; L268,inference/system fact,2. **Applying a minimum threshold of $\ge 12-15\%$ sustained change over a multi-week rolling window before classifying performance changes as true strength adaptation**.,citation/identifier as embedded in report line,source-report text only,unassigned pending source check,UNVERIFIED—FULL TEXT REQUIRED,unclassified,not assessed,Conservative extraction row; retain no factual content unless a manual/source-locator row supports it.
A-CLAUSE-0271,Antigravity review,Question 2; L271,inference/system fact,1. **Calculating or displaying e1RM for sets exceeding $6-8$ repetitions or sets performed at $>2$ RIR ($\text{RPE} < 8$)**.,citation/identifier as embedded in report line,source-report text only,unassigned pending source check,UNVERIFIED—FULL TEXT REQUIRED,unclassified,not assessed,Conservative extraction row; retain no factual content unless a manual/source-locator row supports it.
A-CLAUSE-0272,Antigravity review,Question 2; L272,inference/system fact,2. **Using submaximal e1RM to automatically prescribe target loads for upcoming training sessions**.,citation/identifier as embedded in report line,source-report text only,unassigned pending source check,UNVERIFIED—FULL TEXT REQUIRED,unclassified,not assessed,Conservative extraction row; retain no factual content unless a manual/source-locator row supports it.
A-CLAUSE-0273,Antigravity review,Question 2; L273,inference/system fact,3. **Treating daily session-to-session changes of $<10\%$ in e1RM as genuine physiological progression**.,citation/identifier as embedded in report line,source-report text only,unassigned pending source check,UNVERIFIED—FULL TEXT REQUIRED,unclassified,not assessed,Conservative extraction row; retain no factual content unless a manual/source-locator row supports it.
A-CLAUSE-0274,Antigravity review,Question 2; L274,inference/system fact,4. **Assuming self-reported RPE/RIR ratings in an unsupervised mobile context possess the precision or calibration observed in supervised research laboratories**.,citation/identifier as embedded in report line,source-report text only,unassigned pending source check,UNVERIFIED—FULL TEXT REQUIRED,unclassified,not assessed,Conservative extraction row; retain no factual content unless a manual/source-locator row supports it.
A-CLAUSE-0282,Antigravity review,Question 3; L282,published finding,"External mechanical work ($\text{Sets} \times \text{Reps} \times \text{Load}$) fails to reflect internal biological stimulus, motor unit recruitment thresholds, or mechanical tension across muscle fibers [Tier A; Baz-Valle et al. 2021, PMID: 30063555, DOI: 10.1519/JSC.0000000000002776; Tier D; Steele et al. 2017, PMID: 28044366, DOI: 10.1002/mus.25557].",citation/identifier as embedded in report line,source-report text only,unassigned pending source check,UNVERIFIED—FULL TEXT REQUIRED,unclassified,not assessed,Conservative extraction row; retain no factual content unless a manual/source-locator row supports it.
A-CLAUSE-0284,Antigravity review,Question 3; L284,published finding,"A **""Hard Set""**—defined as a set performed with high effort within 0 to 2 (at most 3) repetitions in reserve (RIR $\le 2$, RPE $\ge 8$)—represents the true fundamental quantum of hypertrophic training volume [Tier A; Baz-Valle et al. 2021, PMID: 30063555; Tier A; Robinson et al. 2024, PMID: 38970765, DOI: 10.1007/s40279-024-02069-2].",citation/identifier as embedded in report line,source-report text only,unassigned pending source check,UNVERIFIED—FULL TEXT REQUIRED,unclassified,not assessed,Conservative extraction row; retain no factual content unless a manual/source-locator row supports it.
A-CLAUSE-0287,Antigravity review,Question 3; L287,inference/system fact,+-----------------------------------------------------------------------------------+,citation/identifier as embedded in report line,source-report text only,unassigned pending source check,UNVERIFIED—FULL TEXT REQUIRED,unclassified,not assessed,Conservative extraction row; retain no factual content unless a manual/source-locator row supports it.
A-CLAUSE-0288,Antigravity review,Question 3; L288,inference/system fact,|                           THE VOLUME-LOAD FALLACY                                 |,citation/identifier as embedded in report line,source-report text only,unassigned pending source check,UNVERIFIED—FULL TEXT REQUIRED,unclassified,not assessed,Conservative extraction row; retain no factual content unless a manual/source-locator row supports it.
A-CLAUSE-0289,Antigravity review,Question 3; L289,inference/system fact,|                                                                                   |,citation/identifier as embedded in report line,source-report text only,unassigned pending source check,UNVERIFIED—FULL TEXT REQUIRED,unclassified,not assessed,Conservative extraction row; retain no factual content unless a manual/source-locator row supports it.
A-CLAUSE-0290,Antigravity review,Question 3; L290,inference/system fact,"|  Protocol A (High Load): 3 sets x 8 reps @ 100 kg (80% 1RM, ~1 RIR)               |",citation/identifier as embedded in report line,source-report text only,unassigned pending source check,UNVERIFIED—FULL TEXT REQUIRED,unclassified,not assessed,Conservative extraction row; retain no factual content unless a manual/source-locator row supports it.
A-CLAUSE-0291,Antigravity review,Question 3; L291,inference/system fact,"|  --> Volume-Load = 3 x 8 x 100 = 2,400 kg                                         |",citation/identifier as embedded in report line,source-report text only,unassigned pending source check,UNVERIFIED—FULL TEXT REQUIRED,unclassified,not assessed,Conservative extraction row; retain no factual content unless a manual/source-locator row supports it.
A-CLAUSE-0292,Antigravity review,Question 3; L292,inference/system fact,|  --> Physiological Stimulus: Full Motor Unit Recruitment + High Tension           |,citation/identifier as embedded in report line,source-report text only,unassigned pending source check,UNVERIFIED—FULL TEXT REQUIRED,unclassified,not assessed,Conservative extraction row; retain no factual content unless a manual/source-locator row supports it.
A-CLAUSE-0293,Antigravity review,Question 3; L293,inference/system fact,|                                                                                   |,citation/identifier as embedded in report line,source-report text only,unassigned pending source check,UNVERIFIED—FULL TEXT REQUIRED,unclassified,not assessed,Conservative extraction row; retain no factual content unless a manual/source-locator row supports it.
A-CLAUSE-0294,Antigravity review,Question 3; L294,inference/system fact,"|  Protocol B (Low Load to Failure): 3 sets x 30 reps @ 40 kg (32% 1RM, 0 RIR)     |",citation/identifier as embedded in report line,source-report text only,unassigned pending source check,UNVERIFIED—FULL TEXT REQUIRED,unclassified,not assessed,Conservative extraction row; retain no factual content unless a manual/source-locator row supports it.
A-CLAUSE-0295,Antigravity review,Question 3; L295,inference/system fact,"|  --> Volume-Load = 3 x 30 x 40 = 3,600 kg (+50% higher Volume-Load!)              |",citation/identifier as embedded in report line,source-report text only,unassigned pending source check,UNVERIFIED—FULL TEXT REQUIRED,unclassified,not assessed,Conservative extraction row; retain no factual content unless a manual/source-locator row supports it.
A-CLAUSE-0296,Antigravity review,Question 3; L296,inference/system fact,|  --> Physiological Stimulus: Identical Whole-Muscle Hypertrophy                   |,citation/identifier as embedded in report line,source-report text only,unassigned pending source check,UNVERIFIED—FULL TEXT REQUIRED,unclassified,not assessed,Conservative extraction row; retain no factual content unless a manual/source-locator row supports it.
A-CLAUSE-0297,Antigravity review,Question 3; L297,inference/system fact,|                                                                                   |,citation/identifier as embedded in report line,source-report text only,unassigned pending source check,UNVERIFIED—FULL TEXT REQUIRED,unclassified,not assessed,Conservative extraction row; retain no factual content unless a manual/source-locator row supports it.
A-CLAUSE-0298,Antigravity review,Question 3; L298,inference/system fact,"|  Protocol C (Equated Volume-Load): 1 set x 60 reps @ 40 kg (Equated 2,400 kg)    |",citation/identifier as embedded in report line,source-report text only,unassigned pending source check,UNVERIFIED—FULL TEXT REQUIRED,unclassified,not assessed,Conservative extraction row; retain no factual content unless a manual/source-locator row supports it.
A-CLAUSE-0299,Antigravity review,Question 3; L299,inference/system fact,"|  or 3 sets x 20 reps @ 40 kg (~10 RIR, stopped far from failure)                  |",citation/identifier as embedded in report line,source-report text only,unassigned pending source check,UNVERIFIED—FULL TEXT REQUIRED,unclassified,not assessed,Conservative extraction row; retain no factual content unless a manual/source-locator row supports it.
A-CLAUSE-0300,Antigravity review,Question 3; L300,inference/system fact,|  --> Physiological Stimulus: Severely Inferior Hypertrophy & Zero Strength Gain   |,citation/identifier as embedded in report line,source-report text only,unassigned pending source check,UNVERIFIED—FULL TEXT REQUIRED,unclassified,not assessed,Conservative extraction row; retain no factual content unless a manual/source-locator row supports it.
A-CLAUSE-0301,Antigravity review,Question 3; L301,inference/system fact,+-----------------------------------------------------------------------------------+,citation/identifier as embedded in report line,source-report text only,unassigned pending source check,UNVERIFIED—FULL TEXT REQUIRED,unclassified,not assessed,Conservative extraction row; retain no factual content unless a manual/source-locator row supports it.
A-CLAUSE-0308,Antigravity review,Question 3; L308,inference/system fact,1. **Hypertrophy Equivalence Under Equal Proximity to Failure:**,citation/identifier as embedded in report line,source-report text only,unassigned pending source check,UNVERIFIED—FULL TEXT REQUIRED,unclassified,not assessed,Conservative extraction row; retain no factual content unless a manual/source-locator row supports it.
A-CLAUSE-0309,Antigravity review,Question 3; L309,published finding,"- Systematic reviews and meta-analyses establish that across a broad loading spectrum (30% to 85% of 1RM), skeletal muscle hypertrophy is equivalent provided that sets are performed to or near volitional failure [Tier A; Schoenfeld et al. 2017, PMID: 28834797; Tier A; Lopez et al. 2021, PMID: 33433148, DOI: 10.1249/MSS.0000000000002585; Tier A; Currier et al. 2023, PMID: 37414459, DOI: 10.1136/bjsports-2023-106807].",citation/identifier as embedded in report line,source-report text only,unassigned pending source check,UNVERIFIED—FULL TEXT REQUIRED,unclassified,not assessed,Conservative extraction row; retain no factual content unless a manual/source-locator row supports it.
A-CLAUSE-0310,Antigravity review,Question 3; L310,published finding,"- **Morton et al. (2016)** [Tier B; PMID: 27174923, DOI: 10.1152/japplphysiol.00154.2016] ($n=49$ resistance-trained men, 12-week supervised RCT): Sets performed at 30–50% 1RM to failure (20–25 reps) vs 75–90% 1RM to failure (8–12 reps) elicited identical vastus lateralis CSA increases (+7.5% vs +7.6%, $p = 0.97$) and identical Type I/II fiber hypertrophy, despite the low-load group accumulating vastly higher total volume-load.",citation/identifier as embedded in report line,source-report text only,unassigned pending source check,UNVERIFIED—FULL TEXT REQUIRED,unclassified,not assessed,Conservative extraction row; retain no factual content unless a manual/source-locator row supports it.
A-CLAUSE-0311,Antigravity review,Question 3; L311,published finding,"- **Mitchell et al. (2012)** [Tier B; PMID: 22518835, DOI: 10.1152/japplphysiol.00307.2012]: 3 sets at 30% 1RM to failure elicited quadrilateral muscle hypertrophy identical to 3 sets at 80% 1RM to failure (+6.8% vs +7.2%), whereas 1 set at 80% 1RM produced roughly half the hypertrophy (+3.1%), confirming that hard set count, not volume-load, governs hypertrophy.",citation/identifier as embedded in report line,source-report text only,unassigned pending source check,UNVERIFIED—FULL TEXT REQUIRED,unclassified,not assessed,Conservative extraction row; retain no factual content unless a manual/source-locator row supports it.
A-CLAUSE-0312,Antigravity review,Question 3; L312,inference/system fact,2. **Divergence in Maximal 1RM Strength:**,citation/identifier as embedded in report line,source-report text only,unassigned pending source check,UNVERIFIED—FULL TEXT REQUIRED,unclassified,not assessed,Conservative extraction row; retain no factual content unless a manual/source-locator row supports it.
A-CLAUSE-0313,Antigravity review,Question 3; L313,published finding,"- Heavy-load training (>75–80% 1RM) elicits significantly greater 1RM strength gains than low-load training (<60% 1RM), with a moderate-to-large effect size difference ($g = 0.58$ vs $g = 0.35$, $p < 0.01$) [Tier A; Schoenfeld et al. 2017]. Maximal 1RM strength requires high-threshold neural motor unit recruitment and task-specific skill.",citation/identifier as embedded in report line,source-report text only,unassigned pending source check,UNVERIFIED—FULL TEXT REQUIRED,unclassified,not assessed,Conservative extraction row; retain no factual content unless a manual/source-locator row supports it.
A-CLAUSE-0314,Antigravity review,Question 3; L314,inference/system fact,3. **Proximity-to-Failure Dose-Response:**,citation/identifier as embedded in report line,source-report text only,unassigned pending source check,UNVERIFIED—FULL TEXT REQUIRED,unclassified,not assessed,Conservative extraction row; retain no factual content unless a manual/source-locator row supports it.
A-CLAUSE-0315,Antigravity review,Question 3; L315,published finding,"- **Robinson et al. (2024)** [Tier A; PMID: 38970765, DOI: 10.1007/s40279-024-02069-2] (55 studies, meta-regression): Hypertrophy exhibited a continuous linear relationship with proximity to failure ($p < 0.01$ per RIR decrease), while maximal strength exhibited a plateau at moderate proximity to failure (2–4 RIR).",citation/identifier as embedded in report line,source-report text only,unassigned pending source check,UNVERIFIED—FULL TEXT REQUIRED,unclassified,not assessed,Conservative extraction row; retain no factual content unless a manual/source-locator row supports it.
A-CLAUSE-0316,Antigravity review,Question 3; L316,published finding,"- **Refalo et al. (2023)** [Tier A; PMID: 36334240, DOI: 10.1007/s40279-022-01784-y] (15 studies): Negligible difference between momentary failure and non-failure ($g = 0.15$ [95% CI: -0.05, 0.34]), while training to absolute failure doubled neuromuscular recovery times (48–72 hours) [Tier B; Refalo et al. 2023, PMID: 36752989, DOI: 10.1186/s40798-023-00554-y].",citation/identifier as embedded in report line,source-report text only,unassigned pending source check,UNVERIFIED—FULL TEXT REQUIRED,unclassified,not assessed,Conservative extraction row; retain no factual content unless a manual/source-locator row supports it.
A-CLAUSE-0317,Antigravity review,Question 3; L317,published finding,"- **Tsartsapakis et al. (2026)** [Tier A; DOI: 10.3390/jfmk11010080] (23 RCTs, $n=624$): Advanced systems (drop sets, rest-pause) vs traditional sets showed identical hypertrophy when hard sets were matched ($g = 0.046$, $p = 0.42$).",citation/identifier as embedded in report line,source-report text only,unassigned pending source check,UNVERIFIED—FULL TEXT REQUIRED,unclassified,not assessed,Conservative extraction row; retain no factual content unless a manual/source-locator row supports it.
A-CLAUSE-0323,Antigravity review,Question 3; L323,published finding,| Study / Source | Tier | Population Studied | Effect Size / Uncertainty | Citation (DOI / PMID) | What Goes Wrong If Wrong? |,citation/identifier as embedded in report line,source-report text only,unassigned pending source check,UNVERIFIED—FULL TEXT REQUIRED,unclassified,not assessed,Conservative extraction row; retain no factual content unless a manual/source-locator row supports it.
A-CLAUSE-0324,Antigravity review,Question 3; L324,inference/system fact,| :--- | :---: | :--- | :--- | :--- | :--- |,citation/identifier as embedded in report line,source-report text only,unassigned pending source check,UNVERIFIED—FULL TEXT REQUIRED,unclassified,not assessed,Conservative extraction row; retain no factual content unless a manual/source-locator row supports it.
A-CLAUSE-0325,Antigravity review,Question 3; L325,published finding,"| **Robinson et al. (2024)** | **A** | 55 RCTs, trained/untrained adults ($n > 1,200$) | Hypertrophy: negative linear slope ($p < 0.01$ per RIR drop); Strength: plateau at 2–4 RIR | [DOI: 10.1007/s40279-024-02069-2](https://doi.org/10.1007/s40279-024-02069-2)<br>PMID: 38970765 | App forces sets to 0 RIR, inducing severe fatigue, or stops at 6 RIR, causing zero growth. |",citation/identifier as embedded in report line,source-report text only,unassigned pending source check,UNVERIFIED—FULL TEXT REQUIRED,unclassified,not assessed,Conservative extraction row; retain no factual content unless a manual/source-locator row supports it.
A-CLAUSE-0326,Antigravity review,Question 3; L326,published finding,"| **Schoenfeld et al. (2017)** | **A** | 21 RCTs, healthy adults ($n = 574$) | Hypertrophy: $g = 0.03$ ($p = 0.88$); 1RM Strength: $g = 0.58$ vs $0.35$ ($p < 0.01$) favoring heavy load | [DOI: 10.1519/JSC.0000000000002200](https://doi.org/10.1519/JSC.0000000000002200)<br>PMID: 28834797 | Equating volume-load leads to prescribing low loads for 1RM strength, causing stagnation. |",citation/identifier as embedded in report line,source-report text only,unassigned pending source check,UNVERIFIED—FULL TEXT REQUIRED,unclassified,not assessed,Conservative extraction row; retain no factual content unless a manual/source-locator row supports it.
A-CLAUSE-0327,Antigravity review,Question 3; L327,published finding,"| **Baz-Valle et al. (2021)** | **A** | Systematic review, 15 studies ($n = 412$) | Set count to failure ($R^2 = 0.68$) correlates with hypertrophy; volume-load ($R^2 = 0.09$) does not | [DOI: 10.1519/JSC.0000000000002776](https://doi.org/10.1519/JSC.0000000000002776)<br>PMID: 30063555 | Tracking volume-load rewards junk volume (high rep, low effort) as ""progress"". |",citation/identifier as embedded in report line,source-report text only,unassigned pending source check,UNVERIFIED—FULL TEXT REQUIRED,unclassified,not assessed,Conservative extraction row; retain no factual content unless a manual/source-locator row supports it.
A-CLAUSE-0328,Antigravity review,Question 3; L328,published finding,"| **Morton et al. (2016)** | **B** | 49 resistance-trained men, 12-wk RCT | Vastus lateralis CSA: +7.6% (high load) vs +7.5% (low load), $p = 0.97$; fiber growth identical | [DOI: 10.1152/japplphysiol.00154.2016](https://doi.org/10.1152/japplphysiol.00154.2016)<br>PMID: 27174923 | Dismissing low-load bodyweight sets as useless for hypertrophy in trained users. |",citation/identifier as embedded in report line,source-report text only,unassigned pending source check,UNVERIFIED—FULL TEXT REQUIRED,unclassified,not assessed,Conservative extraction row; retain no factual content unless a manual/source-locator row supports it.
A-CLAUSE-0329,Antigravity review,Question 3; L329,published finding,"| **Refalo et al. (2023)** | **A** | Systematic review, 15 studies ($n = 394$) | Failure vs non-failure hypertrophy: $g = 0.15$ [95% CI: -0.05, 0.34], trivial difference | [DOI: 10.1007/s40279-022-01784-y](https://doi.org/10.1007/s40279-022-01784-y)<br>PMID: 36334240 | Prescribing mandatory failure causes burnout and overuse injury without extra growth. |",citation/identifier as embedded in report line,source-report text only,unassigned pending source check,UNVERIFIED—FULL TEXT REQUIRED,unclassified,not assessed,Conservative extraction row; retain no factual content unless a manual/source-locator row supports it.
A-CLAUSE-0336,Antigravity review,Question 3; L336,inference/system fact,"1. **Quantifying hypertrophic training volume exclusively by the count of completed ""Hard Sets""** (sets performed at an estimated RPE $\ge 8$ / RIR $\le 2$).",citation/identifier as embedded in report line,source-report text only,unassigned pending source check,UNVERIFIED—FULL TEXT REQUIRED,unclassified,not assessed,Conservative extraction row; retain no factual content unless a manual/source-locator row supports it.
A-CLAUSE-0337,Antigravity review,Question 3; L337,inference/system fact,2. **Treating sets across varying repetition ranges (5 to 30 reps) as hypertrophically equivalent** provided proximity to failure is maintained at RIR $\le 2$.,citation/identifier as embedded in report line,source-report text only,unassigned pending source check,UNVERIFIED—FULL TEXT REQUIRED,unclassified,not assessed,Conservative extraction row; retain no factual content unless a manual/source-locator row supports it.
A-CLAUSE-0338,Antigravity review,Question 3; L338,inference/system fact,3. **Restricting maximal 1RM strength tracking to heavy sets (>75–80% 1RM)** where mechanical load intensity is directly verified.,citation/identifier as embedded in report line,source-report text only,unassigned pending source check,UNVERIFIED—FULL TEXT REQUIRED,unclassified,not assessed,Conservative extraction row; retain no factual content unless a manual/source-locator row supports it.
A-CLAUSE-0339,Antigravity review,Question 3; L339,inference/system fact,4. **Discarding raw Volume-Load ($\text{Sets} \times \text{Reps} \times \text{Load}$) as an index of progression or stimulus comparison across different repetition brackets.**,citation/identifier as embedded in report line,source-report text only,unassigned pending source check,UNVERIFIED—FULL TEXT REQUIRED,unclassified,not assessed,Conservative extraction row; retain no factual content unless a manual/source-locator row supports it.
A-CLAUSE-0342,Antigravity review,Question 3; L342,inference/system fact,"1. **Using Volume-Load to calculate ""work done"" or ""progression"" across sessions where load or rep targets change.**",citation/identifier as embedded in report line,source-report text only,unassigned pending source check,UNVERIFIED—FULL TEXT REQUIRED,unclassified,not assessed,Conservative extraction row; retain no factual content unless a manual/source-locator row supports it.
A-CLAUSE-0343,Antigravity review,Question 3; L343,inference/system fact,2. **Treating a set of 20 reps at 4 RIR as equivalent to a set of 8 reps at 1 RIR based on mathematical volume-load matching.**,citation/identifier as embedded in report line,source-report text only,unassigned pending source check,UNVERIFIED—FULL TEXT REQUIRED,unclassified,not assessed,Conservative extraction row; retain no factual content unless a manual/source-locator row supports it.
A-CLAUSE-0344,Antigravity review,Question 3; L344,inference/system fact,3. **Prescribing low-load training to failure for maximal 1RM strength progression.**,citation/identifier as embedded in report line,source-report text only,unassigned pending source check,UNVERIFIED—FULL TEXT REQUIRED,unclassified,not assessed,Conservative extraction row; retain no factual content unless a manual/source-locator row supports it.
A-CLAUSE-0345,Antigravity review,Question 3; L345,inference/system fact,4. **Assuming unsupervised users accurately estimate continuous RIR without binary thresholding.**,citation/identifier as embedded in report line,source-report text only,unassigned pending source check,UNVERIFIED—FULL TEXT REQUIRED,unclassified,not assessed,Conservative extraction row; retain no factual content unless a manual/source-locator row supports it.
A-CLAUSE-0353,Antigravity review,Question 4; L353,inference/system fact,"When external load cannot be increased (bodyweight calisthenics, suspension training, isometric holds), mechanical overload is governed by four validated biomechanical and neurophysiological axes:",citation/identifier as embedded in report line,source-report text only,unassigned pending source check,UNVERIFIED—FULL TEXT REQUIRED,unclassified,not assessed,Conservative extraction row; retain no factual content unless a manual/source-locator row supports it.
A-CLAUSE-0354,Antigravity review,Question 4; L354,inference/system fact,1. **Biomechanical Leverage & Moment Arm Alteration (Center of Mass displacement)**,citation/identifier as embedded in report line,source-report text only,unassigned pending source check,UNVERIFIED—FULL TEXT REQUIRED,unclassified,not assessed,Conservative extraction row; retain no factual content unless a manual/source-locator row supports it.
A-CLAUSE-0355,Antigravity review,Question 4; L355,inference/system fact,2. **Joint Range of Motion & Muscle Length (Stretched-Position / Lengthened Partials)**,citation/identifier as embedded in report line,source-report text only,unassigned pending source check,UNVERIFIED—FULL TEXT REQUIRED,unclassified,not assessed,Conservative extraction row; retain no factual content unless a manual/source-locator row supports it.
A-CLAUSE-0356,Antigravity review,Question 4; L356,inference/system fact,3. **Repetition Cadence and Muscle Action Specificity**,citation/identifier as embedded in report line,source-report text only,unassigned pending source check,UNVERIFIED—FULL TEXT REQUIRED,unclassified,not assessed,Conservative extraction row; retain no factual content unless a manual/source-locator row supports it.
A-CLAUSE-0357,Antigravity review,Question 4; L357,inference/system fact,4. **Isometric Force Intent & Multi-Angle Exposure**,citation/identifier as embedded in report line,source-report text only,unassigned pending source check,UNVERIFIED—FULL TEXT REQUIRED,unclassified,not assessed,Conservative extraction row; retain no factual content unless a manual/source-locator row supports it.
A-CLAUSE-0360,Antigravity review,Question 4; L360,inference/system fact,+-----------------------------------------------------------------------------------+,citation/identifier as embedded in report line,source-report text only,unassigned pending source check,UNVERIFIED—FULL TEXT REQUIRED,unclassified,not assessed,Conservative extraction row; retain no factual content unless a manual/source-locator row supports it.
A-CLAUSE-0361,Antigravity review,Question 4; L361,inference/system fact,|                        NON-LOAD PROGRESSION AXES                                  |,citation/identifier as embedded in report line,source-report text only,unassigned pending source check,UNVERIFIED—FULL TEXT REQUIRED,unclassified,not assessed,Conservative extraction row; retain no factual content unless a manual/source-locator row supports it.
A-CLAUSE-0362,Antigravity review,Question 4; L362,inference/system fact,|                                                                                   |,citation/identifier as embedded in report line,source-report text only,unassigned pending source check,UNVERIFIED—FULL TEXT REQUIRED,unclassified,not assessed,Conservative extraction row; retain no factual content unless a manual/source-locator row supports it.
A-CLAUSE-0363,Antigravity review,Question 4; L363,inference/system fact,|  1. LEVERAGE / MOMENT ARM:                                                        |,citation/identifier as embedded in report line,source-report text only,unassigned pending source check,UNVERIFIED—FULL TEXT REQUIRED,unclassified,not assessed,Conservative extraction row; retain no factual content unless a manual/source-locator row supports it.
A-CLAUSE-0364,Antigravity review,Question 4; L364,inference/system fact,|     Knee Push-Up (49% BW) -> Standard (64% BW) -> Feet-Elevated 60cm (74% BW)     |,citation/identifier as embedded in report line,source-report text only,unassigned pending source check,UNVERIFIED—FULL TEXT REQUIRED,unclassified,not assessed,Conservative extraction row; retain no factual content unless a manual/source-locator row supports it.
A-CLAUSE-0365,Antigravity review,Question 4; L365,inference/system fact,|     Tuck Planche -> Adv. Tuck -> Straddle -> Full Planche (Torque x 2.5)          |,citation/identifier as embedded in report line,source-report text only,unassigned pending source check,UNVERIFIED—FULL TEXT REQUIRED,unclassified,not assessed,Conservative extraction row; retain no factual content unless a manual/source-locator row supports it.
A-CLAUSE-0366,Antigravity review,Question 4; L366,inference/system fact,|                                                                                   |,citation/identifier as embedded in report line,source-report text only,unassigned pending source check,UNVERIFIED—FULL TEXT REQUIRED,unclassified,not assessed,Conservative extraction row; retain no factual content unless a manual/source-locator row supports it.
A-CLAUSE-0367,Antigravity review,Question 4; L367,inference/system fact,|  2. MUSCLE LENGTH / ROM:                                                          |,citation/identifier as embedded in report line,source-report text only,unassigned pending source check,UNVERIFIED—FULL TEXT REQUIRED,unclassified,not assessed,Conservative extraction row; retain no factual content unless a manual/source-locator row supports it.
A-CLAUSE-0368,Antigravity review,Question 4; L368,inference/system fact,|     Standard ROM -> Deficit Push-Up / Deep Dip (Long Muscle Length Strain)        |,citation/identifier as embedded in report line,source-report text only,unassigned pending source check,UNVERIFIED—FULL TEXT REQUIRED,unclassified,not assessed,Conservative extraction row; retain no factual content unless a manual/source-locator row supports it.
A-CLAUSE-0369,Antigravity review,Question 4; L369,inference/system fact,|     Lengthened Partials = Equivalent Hypertrophy to Full ROM                      |,citation/identifier as embedded in report line,source-report text only,unassigned pending source check,UNVERIFIED—FULL TEXT REQUIRED,unclassified,not assessed,Conservative extraction row; retain no factual content unless a manual/source-locator row supports it.
A-CLAUSE-0370,Antigravity review,Question 4; L370,inference/system fact,|                                                                                   |,citation/identifier as embedded in report line,source-report text only,unassigned pending source check,UNVERIFIED—FULL TEXT REQUIRED,unclassified,not assessed,Conservative extraction row; retain no factual content unless a manual/source-locator row supports it.
A-CLAUSE-0371,Antigravity review,Question 4; L371,inference/system fact,|  3. ISOMETRIC OVERLOAD:                                                           |,citation/identifier as embedded in report line,source-report text only,unassigned pending source check,UNVERIFIED—FULL TEXT REQUIRED,unclassified,not assessed,Conservative extraction row; retain no factual content unless a manual/source-locator row supports it.
A-CLAUSE-0372,Antigravity review,Question 4; L372,inference/system fact,|     Submaximal Time-to-Failure = Endurance only                                   |,citation/identifier as embedded in report line,source-report text only,unassigned pending source check,UNVERIFIED—FULL TEXT REQUIRED,unclassified,not assessed,Conservative extraction row; retain no factual content unless a manual/source-locator row supports it.
A-CLAUSE-0373,Antigravity review,Question 4; L373,inference/system fact,|     Maximal Intent / Ballistic Force (>70% MVC) = Neural Drive + Tendon Stiffness |,citation/identifier as embedded in report line,source-report text only,unassigned pending source check,UNVERIFIED—FULL TEXT REQUIRED,unclassified,not assessed,Conservative extraction row; retain no factual content unless a manual/source-locator row supports it.
A-CLAUSE-0374,Antigravity review,Question 4; L374,inference/system fact,+-----------------------------------------------------------------------------------+,citation/identifier as embedded in report line,source-report text only,unassigned pending source check,UNVERIFIED—FULL TEXT REQUIRED,unclassified,not assessed,Conservative extraction row; retain no factual content unless a manual/source-locator row supports it.
A-CLAUSE-0382,Antigravity review,Question 4; L382,published finding,"- **Empirical Evidence:** Ebben et al. (2011) [Tier B; PMID: 21873902, DOI: 10.1519/JSC.0b013e31820c8587] and Suprak et al. (2011) [Tier B; PMID: 20179649, DOI: 10.1519/JSC.0b013e3181bde2cf] quantified ground reaction forces during standardized push-up variations on force platforms:",citation/identifier as embedded in report line,source-report text only,unassigned pending source check,UNVERIFIED—FULL TEXT REQUIRED,unclassified,not assessed,Conservative extraction row; retain no factual content unless a manual/source-locator row supports it.
A-CLAUSE-0383,Antigravity review,Question 4; L383,inference/system fact,- *Hands Elevated 60 cm (Incline):* $41.0 \pm 4.5\%$ body weight (%BW).,citation/identifier as embedded in report line,source-report text only,unassigned pending source check,UNVERIFIED—FULL TEXT REQUIRED,unclassified,not assessed,Conservative extraction row; retain no factual content unless a manual/source-locator row supports it.
A-CLAUSE-0384,Antigravity review,Question 4; L384,inference/system fact,- *Knee Push-Up (Modified):* $49.0 \pm 3.6\%$ %BW.,citation/identifier as embedded in report line,source-report text only,unassigned pending source check,UNVERIFIED—FULL TEXT REQUIRED,unclassified,not assessed,Conservative extraction row; retain no factual content unless a manual/source-locator row supports it.
A-CLAUSE-0385,Antigravity review,Question 4; L385,inference/system fact,- *Standard Push-Up (Floor):* $64.0 \pm 4.1\%$ %BW.,citation/identifier as embedded in report line,source-report text only,unassigned pending source check,UNVERIFIED—FULL TEXT REQUIRED,unclassified,not assessed,Conservative extraction row; retain no factual content unless a manual/source-locator row supports it.
A-CLAUSE-0386,Antigravity review,Question 4; L386,inference/system fact,- *Feet Elevated 60 cm (Decline):* $74.0 \pm 4.8\%$ %BW.,citation/identifier as embedded in report line,source-report text only,unassigned pending source check,UNVERIFIED—FULL TEXT REQUIRED,unclassified,not assessed,Conservative extraction row; retain no factual content unless a manual/source-locator row supports it.
A-CLAUSE-0387,Antigravity review,Question 4; L387,inference/system fact,- **Population:** Resistance-trained adult men and women ($n=23$).,citation/identifier as embedded in report line,source-report text only,unassigned pending source check,UNVERIFIED—FULL TEXT REQUIRED,unclassified,not assessed,Conservative extraction row; retain no factual content unless a manual/source-locator row supports it.
A-CLAUSE-0388,Antigravity review,Question 4; L388,inference/system fact,"- **Effect Size / Uncertainty:** Load variance across variations represents an $80.5\%$ increase in relative upper-body resistance (from $41\%$ to $74\%$ BW; $p < 0.001$, $\eta_p^2 = 0.89$).",citation/identifier as embedded in report line,source-report text only,unassigned pending source check,UNVERIFIED—FULL TEXT REQUIRED,unclassified,not assessed,Conservative extraction row; retain no factual content unless a manual/source-locator row supports it.
A-CLAUSE-0389,Antigravity review,Question 4; L389,inference/system fact,"- **What Goes Wrong If Wrong:** Treating all bodyweight push-ups as identical intensity overlooks an $80\%$ load differential, miscalculating stimulus progression.",citation/identifier as embedded in report line,source-report text only,unassigned pending source check,UNVERIFIED—FULL TEXT REQUIRED,unclassified,not assessed,Conservative extraction row; retain no factual content unless a manual/source-locator row supports it.
A-CLAUSE-0390,Antigravity review,Question 4; L390,inference/system fact,- **Transferability Risk:** Low for discrete tiers; High if attempting continuous angle interpolation without inclinometer hardware.,citation/identifier as embedded in report line,source-report text only,unassigned pending source check,UNVERIFIED—FULL TEXT REQUIRED,unclassified,not assessed,Conservative extraction row; retain no factual content unless a manual/source-locator row supports it.
A-CLAUSE-0393,Antigravity review,Question 4; L393,published finding,"- **Empirical Evidence:** Calatayud et al. (2015) [Tier B; PMID: 24983847, DOI: 10.1519/JSC.0000000000000589] and Kotarsky et al. (2018) [Tier A; PMID: 29466268, DOI: 10.1519/JSC.0000000000002345]: Progressive calisthenic variations utilizing biomechanical leverage tiers elicit electromyographic activation and 1RM bench press strength gains identical to barbell training when relative intensity (proximity to failure) is matched.",citation/identifier as embedded in report line,source-report text only,unassigned pending source check,UNVERIFIED—FULL TEXT REQUIRED,unclassified,not assessed,Conservative extraction row; retain no factual content unless a manual/source-locator row supports it.
A-CLAUSE-0394,Antigravity review,Question 4; L394,inference/system fact,- **Population:** 30 recreationally trained men (5-week RCT) and systematic review across 12 calisthenic trials.,citation/identifier as embedded in report line,source-report text only,unassigned pending source check,UNVERIFIED—FULL TEXT REQUIRED,unclassified,not assessed,Conservative extraction row; retain no factual content unless a manual/source-locator row supports it.
A-CLAUSE-0395,Antigravity review,Question 4; L395,inference/system fact,"- **Effect Size / Uncertainty:** Push-up vs bench press strength gain: $+8.3 \pm 1.2\text{ kg}$ vs $+7.8 \pm 1.4\text{ kg}$ ($p = 0.79$, Cohen's $d = 0.08$, equivalence confirmed).",citation/identifier as embedded in report line,source-report text only,unassigned pending source check,UNVERIFIED—FULL TEXT REQUIRED,unclassified,not assessed,Conservative extraction row; retain no factual content unless a manual/source-locator row supports it.
A-CLAUSE-0396,Antigravity review,Question 4; L396,inference/system fact,- **What Goes Wrong If Wrong:** Dismissing calisthenic progression as inferior to barbell loading leads users to abandon progressive bodyweight movements.,citation/identifier as embedded in report line,source-report text only,unassigned pending source check,UNVERIFIED—FULL TEXT REQUIRED,unclassified,not assessed,Conservative extraction row; retain no factual content unless a manual/source-locator row supports it.
A-CLAUSE-0397,Antigravity review,Question 4; L397,inference/system fact,- **Transferability Risk:** Moderate. Requires users to adhere to standardized range of motion without momentum.,citation/identifier as embedded in report line,source-report text only,unassigned pending source check,UNVERIFIED—FULL TEXT REQUIRED,unclassified,not assessed,Conservative extraction row; retain no factual content unless a manual/source-locator row supports it.
A-CLAUSE-0400,Antigravity review,Question 4; L400,published finding,"- **Empirical Evidence:** In gymnastics lever progressions (e.g., tuck planche $\rightarrow$ advanced tuck $\rightarrow$ straddle $\rightarrow$ full planche), extending the hips and knees shifts the center of mass distally relative to the glenohumeral joint axis, multiplying net joint shoulder flexion torque demands by $1.5\times$ to $2.8\times$ at identical body mass [Tier D; Harrison 2010].",citation/identifier as embedded in report line,source-report text only,unassigned pending source check,UNVERIFIED—FULL TEXT REQUIRED,unclassified,not assessed,Conservative extraction row; retain no factual content unless a manual/source-locator row supports it.
A-CLAUSE-0401,Antigravity review,Question 4; L401,inference/system fact,- **Population:** Biomechanical torque modeling and gymnastic athletic cohorts.,citation/identifier as embedded in report line,source-report text only,unassigned pending source check,UNVERIFIED—FULL TEXT REQUIRED,unclassified,not assessed,Conservative extraction row; retain no factual content unless a manual/source-locator row supports it.
A-CLAUSE-0402,Antigravity review,Question 4; L402,derived calculation,"- **Effect Size / Uncertainty:** External moment arm expands from $0.18\text{ m}$ (tuck) to $0.48\text{ m}$ (full planche), increasing required shoulder torque from $\approx 120\text{ Nm}$ to $\approx 310\text{ Nm}$ ($+158\%$).",citation/identifier as embedded in report line,source-report text only,unassigned pending source check,AUDITOR-DERIVED—NOT PUBLISHED,unclassified,not assessed,Conservative extraction row; retain no factual content unless a manual/source-locator row supports it.
A-CLAUSE-0403,Antigravity review,Question 4; L403,inference/system fact,- **What Goes Wrong If Wrong:** Attempting linear progression across lever variations causes acute tendon overload and distal biceps pathology.,citation/identifier as embedded in report line,source-report text only,unassigned pending source check,UNVERIFIED—FULL TEXT REQUIRED,unclassified,not assessed,Conservative extraction row; retain no factual content unless a manual/source-locator row supports it.
A-CLAUSE-0404,Antigravity review,Question 4; L404,inference/system fact,- **Transferability Risk:** High. Unsupervised lifters cannot accurately gauge hip angles; requires discrete categorical milestones rather than percentage sliders.,citation/identifier as embedded in report line,source-report text only,unassigned pending source check,UNVERIFIED—FULL TEXT REQUIRED,unclassified,not assessed,Conservative extraction row; retain no factual content unless a manual/source-locator row supports it.
A-CLAUSE-0411,Antigravity review,Question 4; L411,published finding,"- **Empirical Evidence:** Pallarés et al. (2021) [Tier A; PMID: 34170576, DOI: 10.1111/sms.14006]: Full ROM resistance training produces significantly greater functional strength and dynamic performance across the entire joint excursion compared to partial ROM.",citation/identifier as embedded in report line,source-report text only,unassigned pending source check,UNVERIFIED—FULL TEXT REQUIRED,unclassified,not assessed,Conservative extraction row; retain no factual content unless a manual/source-locator row supports it.
A-CLAUSE-0412,Antigravity review,Question 4; L412,inference/system fact,"- **Population:** 16 RCTs, resistance-trained and recreationally active adults ($n=412$).",citation/identifier as embedded in report line,source-report text only,unassigned pending source check,UNVERIFIED—FULL TEXT REQUIRED,unclassified,not assessed,Conservative extraction row; retain no factual content unless a manual/source-locator row supports it.
A-CLAUSE-0413,Antigravity review,Question 4; L413,inference/system fact,"- **Effect Size / Uncertainty:** Full ROM vs Partial ROM strength effect size: Hedges' $g = 0.53$ [95% CI: 0.27, 0.79], $p < 0.01$.",citation/identifier as embedded in report line,source-report text only,unassigned pending source check,UNVERIFIED—FULL TEXT REQUIRED,unclassified,not assessed,Conservative extraction row; retain no factual content unless a manual/source-locator row supports it.
A-CLAUSE-0414,Antigravity review,Question 4; L414,inference/system fact,- **What Goes Wrong If Wrong:** Truncating ROM to inflate logged load creates joint-angle-specific weakness and inflates false progress metrics.,citation/identifier as embedded in report line,source-report text only,unassigned pending source check,UNVERIFIED—FULL TEXT REQUIRED,unclassified,not assessed,Conservative extraction row; retain no factual content unless a manual/source-locator row supports it.
A-CLAUSE-0415,Antigravity review,Question 4; L415,inference/system fact,"- **Transferability Risk:** Severe. Without video analysis or coaches, lifters systematically cut ROM by 10–25% as fatigue accumulates.",citation/identifier as embedded in report line,source-report text only,unassigned pending source check,UNVERIFIED—FULL TEXT REQUIRED,unclassified,not assessed,Conservative extraction row; retain no factual content unless a manual/source-locator row supports it.
A-CLAUSE-0418,Antigravity review,Question 4; L418,research-gap statement,"- **Empirical Evidence:** Kassiano et al. (2023) [Tier A; PMID: 36662126, DOI: 10.1519/JSC.0000000000004415], Wolf et al. (2025) [Tier B; PMID: 39959841, DOI: 10.7717/peerj.18904], Strey et al. (2026) [Tier A; DOI: 10.1007/s11332-025-01586-5], and Varovic et al. (2025) [Tier A; PMID: 40570881, DOI: 10.1055/a-2615-4935]: Partial repetitions performed at *long muscle lengths* (deep stretch positions) elicit muscle hypertrophy equivalent or superior to full ROM, whereas short muscle length partials systematically underperform.",citation/identifier as embedded in report line,source-report text only,unassigned pending source check,GAP-NOT-ESTABLISHED,unclassified,not assessed,Conservative extraction row; retain no factual content unless a manual/source-locator row supports it.
A-CLAUSE-0419,Antigravity review,Question 4; L419,inference/system fact,- **Population:** Systematic reviews and within-participant RCTs ($n > 500$ across 28 cohorts).,citation/identifier as embedded in report line,source-report text only,unassigned pending source check,UNVERIFIED—FULL TEXT REQUIRED,unclassified,not assessed,Conservative extraction row; retain no factual content unless a manual/source-locator row supports it.
A-CLAUSE-0420,Antigravity review,Question 4; L420,inference/system fact,"- **Effect Size / Uncertainty:** Long vs Short muscle length hypertrophy: Standardized Mean Difference $\text{SMD} = 0.33$ [95% CI: 0.11, 0.55], $p = 0.003$; Lengthened partial vs Full ROM: $\text{ES} = 0.02$ [95% CI: -0.12, 0.16] (equivalence confirmed).",citation/identifier as embedded in report line,source-report text only,unassigned pending source check,UNVERIFIED—FULL TEXT REQUIRED,unclassified,not assessed,Conservative extraction row; retain no factual content unless a manual/source-locator row supports it.
A-CLAUSE-0421,Antigravity review,Question 4; L421,inference/system fact,- **What Goes Wrong If Wrong:** Confusing shortened partials (e.g. quarter squats) with lengthened partials (e.g. deep deficit push-ups) yields inferior hypertrophy and joint pain.,citation/identifier as embedded in report line,source-report text only,unassigned pending source check,UNVERIFIED—FULL TEXT REQUIRED,unclassified,not assessed,Conservative extraction row; retain no factual content unless a manual/source-locator row supports it.
A-CLAUSE-0422,Antigravity review,Question 4; L422,inference/system fact,"- **Transferability Risk:** Moderate. Requires categorical exercise definitions (e.g., ""Deficit Push-Up"") rather than continuous ROM percentage tracking.",citation/identifier as embedded in report line,source-report text only,unassigned pending source check,UNVERIFIED—FULL TEXT REQUIRED,unclassified,not assessed,Conservative extraction row; retain no factual content unless a manual/source-locator row supports it.
A-CLAUSE-0429,Antigravity review,Question 4; L429,published finding,"- **Empirical Evidence:** Schoenfeld, Ogborn, & Krieger (2015) [Tier A; PMID: 25601394, DOI: 10.1007/s40279-015-0304-0]: Repetition durations ranging from 0.5 seconds to 8.0 seconds per repetition elicit indistinguishable muscle hypertrophy when sets are performed to high effort. Intentionally ""super-slow"" cadences (>10s/rep) produce significantly inferior growth.",citation/identifier as embedded in report line,source-report text only,unassigned pending source check,UNVERIFIED—FULL TEXT REQUIRED,unclassified,not assessed,Conservative extraction row; retain no factual content unless a manual/source-locator row supports it.
A-CLAUSE-0430,Antigravity review,Question 4; L430,inference/system fact,- **Population:** Meta-analysis of 8 RCTs ($n=204$ healthy adults).,citation/identifier as embedded in report line,source-report text only,unassigned pending source check,UNVERIFIED—FULL TEXT REQUIRED,unclassified,not assessed,Conservative extraction row; retain no factual content unless a manual/source-locator row supports it.
A-CLAUSE-0431,Antigravity review,Question 4; L431,inference/system fact,"- **Effect Size / Uncertainty:** Moderate vs fast cadence: Effect Size difference $\text{ES} = 0.05$ [95% CI: -0.28, 0.38], $p = 0.77$; Super-slow (>10s) vs standard: $\text{ES} = 0.15$ vs $0.39$ ($p < 0.05$).",citation/identifier as embedded in report line,source-report text only,unassigned pending source check,UNVERIFIED—FULL TEXT REQUIRED,unclassified,not assessed,Conservative extraction row; retain no factual content unless a manual/source-locator row supports it.
A-CLAUSE-0432,Antigravity review,Question 4; L432,inference/system fact,- **What Goes Wrong If Wrong:** Forcing users to track seconds of Time Under Tension adds severe cognitive logging friction with zero physiological benefit.,citation/identifier as embedded in report line,source-report text only,unassigned pending source check,UNVERIFIED—FULL TEXT REQUIRED,unclassified,not assessed,Conservative extraction row; retain no factual content unless a manual/source-locator row supports it.
A-CLAUSE-0433,Antigravity review,Question 4; L433,inference/system fact,- **Transferability Risk:** Low if ignored; Extreme if tracked (unsupervised lifters miscount tempo seconds by 30–50% during exertion).,citation/identifier as embedded in report line,source-report text only,unassigned pending source check,UNVERIFIED—FULL TEXT REQUIRED,unclassified,not assessed,Conservative extraction row; retain no factual content unless a manual/source-locator row supports it.
A-CLAUSE-0436,Antigravity review,Question 4; L436,research-gap statement,"- **Empirical Evidence:** Wilk, Zajac, & Tufano (2021) [Tier A; PMID: 34043184, DOI: 10.1007/s40279-021-01465-2]: Deliberately slowing concentric tempo blunts peak motor unit discharge rates, reduces peak force output by 20–40%, and eliminates high-velocity power adaptations.",citation/identifier as embedded in report line,source-report text only,unassigned pending source check,GAP-NOT-ESTABLISHED,unclassified,not assessed,Conservative extraction row; retain no factual content unless a manual/source-locator row supports it.
A-CLAUSE-0437,Antigravity review,Question 4; L437,inference/system fact,- **Population:** Comprehensive systematic review across 42 resistance training studies.,citation/identifier as embedded in report line,source-report text only,unassigned pending source check,UNVERIFIED—FULL TEXT REQUIRED,unclassified,not assessed,Conservative extraction row; retain no factual content unless a manual/source-locator row supports it.
A-CLAUSE-0438,Antigravity review,Question 4; L438,inference/system fact,- **Effect Size / Uncertainty:** Force reduction during intentional slow tempo: $-22\%$ to $-44\%$ ($p < 0.01$).,citation/identifier as embedded in report line,source-report text only,unassigned pending source check,UNVERIFIED—FULL TEXT REQUIRED,unclassified,not assessed,Conservative extraction row; retain no factual content unless a manual/source-locator row supports it.
A-CLAUSE-0439,Antigravity review,Question 4; L439,inference/system fact,"- **What Goes Wrong If Wrong:** Scoring tempo slowing as ""progression"" rewards reductions in mechanical force and fast-twitch motor unit recruitment.",citation/identifier as embedded in report line,source-report text only,unassigned pending source check,UNVERIFIED—FULL TEXT REQUIRED,unclassified,not assessed,Conservative extraction row; retain no factual content unless a manual/source-locator row supports it.
A-CLAUSE-0440,Antigravity review,Question 4; L440,inference/system fact,- **Transferability Risk:** High. Lifters mistake the acute metabolic burn of slow tempo for effective neuromuscular overload.,citation/identifier as embedded in report line,source-report text only,unassigned pending source check,UNVERIFIED—FULL TEXT REQUIRED,unclassified,not assessed,Conservative extraction row; retain no factual content unless a manual/source-locator row supports it.
A-CLAUSE-0447,Antigravity review,Question 4; L447,published finding,"- **Empirical Evidence:** Oranchuk et al. (2019) [Tier A; PMID: 30580468, DOI: 10.1111/sms.13375] and Lum & Barbosa (2019) [Tier A; PMID: 30943568, DOI: 10.1055/a-0863-4539]: Isometric training produces strength gains tightly constrained to the trained joint angle ($\pm 15^\circ$ to $20^\circ$). Training at long muscle lengths elicits substantially broader angular transfer and vastly superior hypertrophy.",citation/identifier as embedded in report line,source-report text only,unassigned pending source check,UNVERIFIED—FULL TEXT REQUIRED,unclassified,not assessed,Conservative extraction row; retain no factual content unless a manual/source-locator row supports it.
A-CLAUSE-0448,Antigravity review,Question 4; L448,inference/system fact,"- **Population:** 26 studies, systematic review across resistance-trained and untrained cohorts ($n=632$).",citation/identifier as embedded in report line,source-report text only,unassigned pending source check,UNVERIFIED—FULL TEXT REQUIRED,unclassified,not assessed,Conservative extraction row; retain no factual content unless a manual/source-locator row supports it.
A-CLAUSE-0449,Antigravity review,Question 4; L449,inference/system fact,- **Effect Size / Uncertainty:** Hypertrophic effect size: Long muscle length $\text{ES} = 0.88$ vs Short length $\text{ES} = 0.18$ ($p < 0.001$); Dynamic 1RM transfer: Hedges' $g = 0.62$.,citation/identifier as embedded in report line,source-report text only,unassigned pending source check,UNVERIFIED—FULL TEXT REQUIRED,unclassified,not assessed,Conservative extraction row; retain no factual content unless a manual/source-locator row supports it.
A-CLAUSE-0450,Antigravity review,Question 4; L450,inference/system fact,"- **What Goes Wrong If Wrong:** Users expect single-angle isometric holds (e.g., plank at $0^\circ$) to transfer across the full dynamic range of motion.",citation/identifier as embedded in report line,source-report text only,unassigned pending source check,UNVERIFIED—FULL TEXT REQUIRED,unclassified,not assessed,Conservative extraction row; retain no factual content unless a manual/source-locator row supports it.
A-CLAUSE-0451,Antigravity review,Question 4; L451,inference/system fact,- **Transferability Risk:** Moderate. Requires educating users on joint-angle specificity and multi-angle exposure.,citation/identifier as embedded in report line,source-report text only,unassigned pending source check,UNVERIFIED—FULL TEXT REQUIRED,unclassified,not assessed,Conservative extraction row; retain no factual content unless a manual/source-locator row supports it.
A-CLAUSE-0454,Antigravity review,Question 4; L454,published finding,"- **Empirical Evidence:** Balshaw et al. (2016) [Tier B; PMID: 27055984, DOI: 10.1152/japplphysiol.00091.2016] and Maffiuletti et al. (2016) [Tier D; PMID: 26941023, DOI: 10.1007/s00421-016-3346-6]: High loading-rate isometric contractions performed with explosive intent (<100ms) increase early neural drive and rate of force development (+35%), whereas sustained submaximal holds (e.g., holding a plank to failure) develop muscular endurance without enhancing maximal force.",citation/identifier as embedded in report line,source-report text only,unassigned pending source check,UNVERIFIED—FULL TEXT REQUIRED,unclassified,not assessed,Conservative extraction row; retain no factual content unless a manual/source-locator row supports it.
A-CLAUSE-0455,Antigravity review,Question 4; L455,inference/system fact,- **Population:** 28 healthy young men (12-week supervised RCT) and physiological expert consensus.,citation/identifier as embedded in report line,source-report text only,unassigned pending source check,UNVERIFIED—FULL TEXT REQUIRED,unclassified,not assessed,Conservative extraction row; retain no factual content unless a manual/source-locator row supports it.
A-CLAUSE-0456,Antigravity review,Question 4; L456,inference/system fact,- **Effect Size / Uncertainty:** Explosive RFD increase: $+35 \pm 8\%$ ($p < 0.001$); Muscle CSA increase: Sustained $+8.2\%$ vs Explosive $+3.1\%$ ($p < 0.01$).,citation/identifier as embedded in report line,source-report text only,unassigned pending source check,UNVERIFIED—FULL TEXT REQUIRED,unclassified,not assessed,Conservative extraction row; retain no factual content unless a manual/source-locator row supports it.
A-CLAUSE-0457,Antigravity review,Question 4; L457,inference/system fact,- **What Goes Wrong If Wrong:** Using hold duration as a strength metric misclassifies submaximal fatigue tolerance as maximal strength progression.,citation/identifier as embedded in report line,source-report text only,unassigned pending source check,UNVERIFIED—FULL TEXT REQUIRED,unclassified,not assessed,Conservative extraction row; retain no factual content unless a manual/source-locator row supports it.
A-CLAUSE-0458,Antigravity review,Question 4; L458,inference/system fact,"- **Transferability Risk:** Extreme. Without $\ge 1,000\text{ Hz}$ force plates or transducers, an offline smartphone cannot measure true isometric RFD or peak force.",citation/identifier as embedded in report line,source-report text only,unassigned pending source check,UNVERIFIED—FULL TEXT REQUIRED,unclassified,not assessed,Conservative extraction row; retain no factual content unless a manual/source-locator row supports it.
A-CLAUSE-0464,Antigravity review,Question 4; L464,published finding,| Non-Load Axis | Tier | Population Studied | Effect Size / Uncertainty | Exact Citation (DOI / PMID) | What Goes Wrong If Wrong? |,citation/identifier as embedded in report line,source-report text only,unassigned pending source check,UNVERIFIED—FULL TEXT REQUIRED,unclassified,not assessed,Conservative extraction row; retain no factual content unless a manual/source-locator row supports it.
A-CLAUSE-0465,Antigravity review,Question 4; L465,inference/system fact,| :--- | :---: | :--- | :--- | :--- | :--- |,citation/identifier as embedded in report line,source-report text only,unassigned pending source check,UNVERIFIED—FULL TEXT REQUIRED,unclassified,not assessed,Conservative extraction row; retain no factual content unless a manual/source-locator row supports it.
A-CLAUSE-0466,Antigravity review,Question 4; L466,published finding,"| **Calisthenic Leverage Tiers** | **B** | 23 trained adults | Load varies from 41% to 74% BW across push-up tiers ($\eta_p^2 = 0.89$) | [DOI: 10.1519/JSC.0b013e31820c8587](https://doi.org/10.1519/JSC.0b013e31820c8587)<br>PMID: 21873902 | Ignoring leverage tiers assumes all push-ups are equal, missing 80% intensity changes. |",citation/identifier as embedded in report line,source-report text only,unassigned pending source check,UNVERIFIED—FULL TEXT REQUIRED,unclassified,not assessed,Conservative extraction row; retain no factual content unless a manual/source-locator row supports it.
A-CLAUSE-0467,Antigravity review,Question 4; L467,published finding,"| **Calisthenic-to-Barbell Transfer** | **A** | 30 trained men, 12 RCTs | Bench press gain: +8.3kg (push-up) vs +7.8kg (bench) ($p=0.79$) | [DOI: 10.1519/JSC.0000000000002345](https://doi.org/10.1519/JSC.0000000000002345)<br>PMID: 29466268 | Discarding bodyweight exercise as incapable of building maximal strength. |",citation/identifier as embedded in report line,source-report text only,unassigned pending source check,UNVERIFIED—FULL TEXT REQUIRED,unclassified,not assessed,Conservative extraction row; retain no factual content unless a manual/source-locator row supports it.
A-CLAUSE-0468,Antigravity review,Question 4; L468,published finding,| **Full ROM Strength Transfer** | **A** | 16 RCTs ($n=412$) | Strength across range: $g = 0.53$ ($p < 0.01$) favoring full ROM | [DOI: 10.1111/sms.14006](https://doi.org/10.1111/sms.14006)<br>PMID: 34170576 | Truncating ROM inflates apparent load while creating angle-specific weaknesses. |,citation/identifier as embedded in report line,source-report text only,unassigned pending source check,UNVERIFIED—FULL TEXT REQUIRED,unclassified,not assessed,Conservative extraction row; retain no factual content unless a manual/source-locator row supports it.
A-CLAUSE-0469,Antigravity review,Question 4; L469,published finding,| **Lengthened Partials Hypertrophy** | **A** | 16 RCTs ($n > 500$) | Long vs short length: $\text{SMD} = 0.33$; Lengthened vs full: $\text{ES} = 0.02$ | [DOI: 10.1519/JSC.0000000000004415](https://doi.org/10.1519/JSC.0000000000004415)<br>PMID: 36662126 | Conflating shortened partials with lengthened partials yields inferior growth. |,citation/identifier as embedded in report line,source-report text only,unassigned pending source check,UNVERIFIED—FULL TEXT REQUIRED,unclassified,not assessed,Conservative extraction row; retain no factual content unless a manual/source-locator row supports it.
A-CLAUSE-0470,Antigravity review,Question 4; L470,published finding,"| **Movement Tempo / TUT Cadence** | **A** | 8 RCTs ($n=204$) | 0.5s to 8.0s equivalent ($\text{ES} = 0.05, p=0.77$); >10s inferior | [DOI: 10.1007/s40279-015-0304-0](https://doi.org/10.1007/s40279-015-0304-0)<br>PMID: 25601394 | Forcing tempo tracking creates high logging friction for zero physiological return. |",citation/identifier as embedded in report line,source-report text only,unassigned pending source check,UNVERIFIED—FULL TEXT REQUIRED,unclassified,not assessed,Conservative extraction row; retain no factual content unless a manual/source-locator row supports it.
A-CLAUSE-0471,Antigravity review,Question 4; L471,published finding,| **Isometric Angle Specificity** | **A** | 26 studies ($n=632$) | Angular retention: $\pm 15^\circ$–$20^\circ$; Long length $\text{ES} = 0.88$ vs $0.18$ | [DOI: 10.1111/sms.13375](https://doi.org/10.1111/sms.13375)<br>PMID: 30580468 | Assuming single-angle hold transfers force across full anatomical joint ROM. |,citation/identifier as embedded in report line,source-report text only,unassigned pending source check,UNVERIFIED—FULL TEXT REQUIRED,unclassified,not assessed,Conservative extraction row; retain no factual content unless a manual/source-locator row supports it.
A-CLAUSE-0472,Antigravity review,Question 4; L472,published finding,"| **Explosive Intent vs Hold Duration** | **B** | 28 young men, 12-wk RCT | RFD: $+35\%$ (explosive) vs $+0\%$ (sustained); CSA: $+8.2\%$ (sustained) | [DOI: 10.1152/japplphysiol.00091.2016](https://doi.org/10.1152/japplphysiol.00091.2016)<br>PMID: 27055984 | Tracking plank duration tests endurance, not maximal force or explosive RFD. |",citation/identifier as embedded in report line,source-report text only,unassigned pending source check,UNVERIFIED—FULL TEXT REQUIRED,unclassified,not assessed,Conservative extraction row; retain no factual content unless a manual/source-locator row supports it.
A-CLAUSE-0479,Antigravity review,Question 4; L479,inference/system fact,"1. **Tracking non-load strength progression exclusively through discrete, categorical exercise leverage tiers** (e.g., Knee Push-Up $\rightarrow$ Floor Push-Up $\rightarrow$ Feet-Elevated Push-Up $\rightarrow$ Deficit Push-Up).",citation/identifier as embedded in report line,source-report text only,unassigned pending source check,UNVERIFIED—FULL TEXT REQUIRED,unclassified,not assessed,Conservative extraction row; retain no factual content unless a manual/source-locator row supports it.
A-CLAUSE-0480,Antigravity review,Question 4; L480,inference/system fact,"2. **Tracking completed repetitions to technical failure at a fixed, standardized biomechanical tier.**",citation/identifier as embedded in report line,source-report text only,unassigned pending source check,UNVERIFIED—FULL TEXT REQUIRED,unclassified,not assessed,Conservative extraction row; retain no factual content unless a manual/source-locator row supports it.
A-CLAUSE-0481,Antigravity review,Question 4; L481,inference/system fact,3. **Encouraging lengthened partials and full-range stretched positions** as biologically valid overload vectors.,citation/identifier as embedded in report line,source-report text only,unassigned pending source check,UNVERIFIED—FULL TEXT REQUIRED,unclassified,not assessed,Conservative extraction row; retain no factual content unless a manual/source-locator row supports it.
A-CLAUSE-0482,Antigravity review,Question 4; L482,inference/system fact,"4. **Providing multi-angle isometric exposure guidelines** (e.g., $45^\circ$, $90^\circ$, $120^\circ$) to overcome angular specificity.",citation/identifier as embedded in report line,source-report text only,unassigned pending source check,UNVERIFIED—FULL TEXT REQUIRED,unclassified,not assessed,Conservative extraction row; retain no factual content unless a manual/source-locator row supports it.
A-CLAUSE-0485,Antigravity review,Question 4; L485,inference/system fact,1. **Using continuous numerical sliders for user-estimated Range of Motion percentages.**,citation/identifier as embedded in report line,source-report text only,unassigned pending source check,UNVERIFIED—FULL TEXT REQUIRED,unclassified,not assessed,Conservative extraction row; retain no factual content unless a manual/source-locator row supports it.
A-CLAUSE-0486,Antigravity review,Question 4; L486,inference/system fact,2. **Requiring users to log continuous repetition tempo cadences or Time Under Tension (TUT).**,citation/identifier as embedded in report line,source-report text only,unassigned pending source check,UNVERIFIED—FULL TEXT REQUIRED,unclassified,not assessed,Conservative extraction row; retain no factual content unless a manual/source-locator row supports it.
A-CLAUSE-0487,Antigravity review,Question 4; L487,inference/system fact,3. **Treating isometric hold duration (seconds) as a proxy for peak isometric force or RFD.**,citation/identifier as embedded in report line,source-report text only,unassigned pending source check,UNVERIFIED—FULL TEXT REQUIRED,unclassified,not assessed,Conservative extraction row; retain no factual content unless a manual/source-locator row supports it.
A-CLAUSE-0488,Antigravity review,Question 4; L488,inference/system fact,4. **Converting bodyweight leverage tiers to estimated barbell 1RM equivalents.**,citation/identifier as embedded in report line,source-report text only,unassigned pending source check,UNVERIFIED—FULL TEXT REQUIRED,unclassified,not assessed,Conservative extraction row; retain no factual content unless a manual/source-locator row supports it.
A-CLAUSE-0496,Antigravity review,Question 5; L496,inference/system fact,"In laboratory research, test-retest reliability is protected through strict standardization: calibrated plates and bars, standardized warm-ups, fixed rest periods, 3D kinematic tracking or international referee depth verification, standardized verbal encouragement, and controlled testing time-of-day.",citation/identifier as embedded in report line,source-report text only,unassigned pending source check,UNVERIFIED—FULL TEXT REQUIRED,unclassified,not assessed,Conservative extraction row; retain no factual content unless a manual/source-locator row supports it.
A-CLAUSE-0498,Antigravity review,Question 5; L498,inference/system fact,"In an offline, unsupervised mobile application, none of these controls exist. The recorded number reflects a convolution of true adaptation, acute biological noise, and uncontrolled confounding:",citation/identifier as embedded in report line,source-report text only,unassigned pending source check,UNVERIFIED—FULL TEXT REQUIRED,unclassified,not assessed,Conservative extraction row; retain no factual content unless a manual/source-locator row supports it.
A-CLAUSE-0499,Antigravity review,Question 5; L499,inference/system fact,$$\text{Observed Performance} = \text{True Adaptation} + \text{Biological Variance} + \text{Measurement Error} + \text{Behavioural Distortion}$$,citation/identifier as embedded in report line,source-report text only,unassigned pending source check,UNVERIFIED—FULL TEXT REQUIRED,unclassified,not assessed,Conservative extraction row; retain no factual content unless a manual/source-locator row supports it.
A-CLAUSE-0502,Antigravity review,Question 5; L502,inference/system fact,+---------------------------------------------------------------------------------------------------+,citation/identifier as embedded in report line,source-report text only,unassigned pending source check,UNVERIFIED—FULL TEXT REQUIRED,unclassified,not assessed,Conservative extraction row; retain no factual content unless a manual/source-locator row supports it.
A-CLAUSE-0503,Antigravity review,Question 5; L503,inference/system fact,|                        SOURCES OF ACUTE BIOLOGICAL NOISE                                          |,citation/identifier as embedded in report line,source-report text only,unassigned pending source check,UNVERIFIED—FULL TEXT REQUIRED,unclassified,not assessed,Conservative extraction row; retain no factual content unless a manual/source-locator row supports it.
A-CLAUSE-0504,Antigravity review,Question 5; L504,inference/system fact,+------------------------------+---------------------------+----------------------------------------+,citation/identifier as embedded in report line,source-report text only,unassigned pending source check,UNVERIFIED—FULL TEXT REQUIRED,unclassified,not assessed,Conservative extraction row; retain no factual content unless a manual/source-locator row supports it.
A-CLAUSE-0505,Antigravity review,Question 5; L505,inference/system fact,| Confounder                   | Magnitude of Shift        | Primary Scientific Reference           |,citation/identifier as embedded in report line,source-report text only,unassigned pending source check,UNVERIFIED—FULL TEXT REQUIRED,unclassified,not assessed,Conservative extraction row; retain no factual content unless a manual/source-locator row supports it.
A-CLAUSE-0506,Antigravity review,Question 5; L506,inference/system fact,+------------------------------+---------------------------+----------------------------------------+,citation/identifier as embedded in report line,source-report text only,unassigned pending source check,UNVERIFIED—FULL TEXT REQUIRED,unclassified,not assessed,Conservative extraction row; retain no factual content unless a manual/source-locator row supports it.
A-CLAUSE-0507,Antigravity review,Question 5; L507,published finding,| Verbal Encouragement / Music | 3% – 12% acute force      | Halperin et al. (2015) [Tier B−]       |,citation/identifier as embedded in report line,source-report text only,unassigned pending source check,UNVERIFIED—FULL TEXT REQUIRED,unclassified,not assessed,Conservative extraction row; retain no factual content unless a manual/source-locator row supports it.
A-CLAUSE-0508,Antigravity review,Question 5; L508,published finding,| Diurnal / Time-of-Day Rhythm | 3% – 10% peak torque      | Chtourou & Souissi (2012) [Tier A]     |,citation/identifier as embedded in report line,source-report text only,unassigned pending source check,UNVERIFIED—FULL TEXT REQUIRED,unclassified,not assessed,Conservative extraction row; retain no factual content unless a manual/source-locator row supports it.
A-CLAUSE-0509,Antigravity review,Question 5; L509,published finding,| Acute Sleep Loss (<5 hrs)    | 4% – 8% compound strength | Knowles et al. (2018) [Tier B]         |,citation/identifier as embedded in report line,source-report text only,unassigned pending source check,UNVERIFIED—FULL TEXT REQUIRED,unclassified,not assessed,Conservative extraction row; retain no factual content unless a manual/source-locator row supports it.
A-CLAUSE-0510,Antigravity review,Question 5; L510,published finding,| Preceding Cognitive Fatigue  | 1 – 3 fewer reps (RPE ↑)  | Pageaux et al. (2015) [Tier B]         |,citation/identifier as embedded in report line,source-report text only,unassigned pending source check,UNVERIFIED—FULL TEXT REQUIRED,unclassified,not assessed,Conservative extraction row; retain no factual content unless a manual/source-locator row supports it.
A-CLAUSE-0511,Antigravity review,Question 5; L511,inference/system fact,+------------------------------+---------------------------+----------------------------------------+,citation/identifier as embedded in report line,source-report text only,unassigned pending source check,UNVERIFIED—FULL TEXT REQUIRED,unclassified,not assessed,Conservative extraction row; retain no factual content unless a manual/source-locator row supports it.
A-CLAUSE-0515,Antigravity review,Question 5; L515,published finding,"- **Overlooked Environmental Confounders:** Halperin et al. (2015) [Tier B−; PMID: 25756869, DOI: 10.1123/ijspp.2014-0566] demonstrated that unstandardized factors—including verbal encouragement (5–10% increase in MVC), music presence/tempo, spectator presence, and preceding cognitive fatigue—shift acute force and repetition output by **3% to 12%** independently of physical capacity.",citation/identifier as embedded in report line,source-report text only,unassigned pending source check,UNVERIFIED—FULL TEXT REQUIRED,unclassified,not assessed,Conservative extraction row; retain no factual content unless a manual/source-locator row supports it.
A-CLAUSE-0516,Antigravity review,Question 5; L516,published finding,"- **Diurnal Rhythm & Circadian Fluctuations:** Chtourou & Souissi (2012) [Tier A; PMID: 22531613, DOI: 10.1519/JSC.0b013e31825770a7] established that anaerobic force and maximal strength exhibit significant diurnal variation, with typical morning nadirs (06:00–09:00) and late afternoon peaks (16:00–19:00), displaying within-subject fluctuations of **3% to 10%** in peak torque.",citation/identifier as embedded in report line,source-report text only,unassigned pending source check,UNVERIFIED—FULL TEXT REQUIRED,unclassified,not assessed,Conservative extraction row; retain no factual content unless a manual/source-locator row supports it.
A-CLAUSE-0517,Antigravity review,Question 5; L517,published finding,"- **Sleep Inadequacy:** Knowles et al. (2018) [Tier B; PMID: 29422383, DOI: 10.1016/j.jsams.2018.01.012] showed that acute sleep restriction (<4–5 hours) causes significant impairments in compound multi-joint resistance strength (mean reduction of **4% to 8%** in load capacity).",citation/identifier as embedded in report line,source-report text only,unassigned pending source check,UNVERIFIED—FULL TEXT REQUIRED,unclassified,not assessed,Conservative extraction row; retain no factual content unless a manual/source-locator row supports it.
A-CLAUSE-0518,Antigravity review,Question 5; L518,published finding,"- **Mental & Cognitive Fatigue:** Pageaux et al. (2015) [Tier B; PMID: 25762914, DOI: 10.3389/fnhum.2015.00067] and Russell et al. (2017) demonstrated that demanding cognitive activity prior to training elevates baseline Perception of Effort (RPE), leading to premature set termination (1–3 fewer reps) despite unaltered muscle contractile capacity.",citation/identifier as embedded in report line,source-report text only,unassigned pending source check,UNVERIFIED—FULL TEXT REQUIRED,unclassified,not assessed,Conservative extraction row; retain no factual content unless a manual/source-locator row supports it.
A-CLAUSE-0525,Antigravity review,Question 5; L525,inference/system fact,+---------------------------------------------------------------------------------------------------+,citation/identifier as embedded in report line,source-report text only,unassigned pending source check,UNVERIFIED—FULL TEXT REQUIRED,unclassified,not assessed,Conservative extraction row; retain no factual content unless a manual/source-locator row supports it.
A-CLAUSE-0526,Antigravity review,Question 5; L526,inference/system fact,|                        METROLOGICAL RELIABILITY BENCHMARKS                                        |,citation/identifier as embedded in report line,source-report text only,unassigned pending source check,UNVERIFIED—FULL TEXT REQUIRED,unclassified,not assessed,Conservative extraction row; retain no factual content unless a manual/source-locator row supports it.
A-CLAUSE-0527,Antigravity review,Question 5; L527,inference/system fact,+------------------------------+--------------------------------------------------------------------+,citation/identifier as embedded in report line,source-report text only,unassigned pending source check,UNVERIFIED—FULL TEXT REQUIRED,unclassified,not assessed,Conservative extraction row; retain no factual content unless a manual/source-locator row supports it.
A-CLAUSE-0528,Antigravity review,Question 5; L528,inference/system fact,| Parameter                    | Mathematical Definition & Formula                                  |,citation/identifier as embedded in report line,source-report text only,unassigned pending source check,UNVERIFIED—FULL TEXT REQUIRED,unclassified,not assessed,Conservative extraction row; retain no factual content unless a manual/source-locator row supports it.
A-CLAUSE-0529,Antigravity review,Question 5; L529,inference/system fact,+------------------------------+--------------------------------------------------------------------+,citation/identifier as embedded in report line,source-report text only,unassigned pending source check,UNVERIFIED—FULL TEXT REQUIRED,unclassified,not assessed,Conservative extraction row; retain no factual content unless a manual/source-locator row supports it.
A-CLAUSE-0530,Antigravity review,Question 5; L530,inference/system fact,| Intraclass Correlation (ICC) | Relative reliability: ICC = sigma^2_between / (sigma^2_b + sigma^2_w)|,citation/identifier as embedded in report line,source-report text only,unassigned pending source check,UNVERIFIED—FULL TEXT REQUIRED,unclassified,not assessed,Conservative extraction row; retain no factual content unless a manual/source-locator row supports it.
A-CLAUSE-0531,Antigravity review,Question 5; L531,inference/system fact,| Standard Error of Meas (SEM) | Absolute error: SEM = SD * sqrt(1 - ICC) = SD_diff / sqrt(2)       |,citation/identifier as embedded in report line,source-report text only,unassigned pending source check,UNVERIFIED—FULL TEXT REQUIRED,unclassified,not assessed,Conservative extraction row; retain no factual content unless a manual/source-locator row supports it.
A-CLAUSE-0532,Antigravity review,Question 5; L532,inference/system fact,| Coefficient of Variation(CV) | Normalized error: CV% = (SEM / Mean) * 100                        |,citation/identifier as embedded in report line,source-report text only,unassigned pending source check,UNVERIFIED—FULL TEXT REQUIRED,unclassified,not assessed,Conservative extraction row; retain no factual content unless a manual/source-locator row supports it.
A-CLAUSE-0533,Antigravity review,Question 5; L533,derived calculation,| Minimal Detectable Change    | MDC95 = 1.96 * sqrt(2) * SEM = 2.77 * SEM                         |,citation/identifier as embedded in report line,source-report text only,unassigned pending source check,AUDITOR-DERIVED—NOT PUBLISHED,unclassified,not assessed,Conservative extraction row; retain no factual content unless a manual/source-locator row supports it.
A-CLAUSE-0534,Antigravity review,Question 5; L534,inference/system fact,| Smallest Worthwhile Change   | SWC = 0.2 * SD_between or 0.3 * CV                                 |,citation/identifier as embedded in report line,source-report text only,unassigned pending source check,UNVERIFIED—FULL TEXT REQUIRED,unclassified,not assessed,Conservative extraction row; retain no factual content unless a manual/source-locator row supports it.
A-CLAUSE-0535,Antigravity review,Question 5; L535,inference/system fact,+------------------------------+--------------------------------------------------------------------+,citation/identifier as embedded in report line,source-report text only,unassigned pending source check,UNVERIFIED—FULL TEXT REQUIRED,unclassified,not assessed,Conservative extraction row; retain no factual content unless a manual/source-locator row supports it.
A-CLAUSE-0539,Antigravity review,Question 5; L539,published finding,"1. **Meta-Analysis of 1RM Test-Retest Reliability:** Grgic, Lazinica, Schoenfeld, & Pedisic (2020) [Tier A; PMID: 32681399, DOI: 10.1186/s40798-020-00260-z] (32 studies, $N=1,595$):",citation/identifier as embedded in report line,source-report text only,unassigned pending source check,UNVERIFIED—FULL TEXT REQUIRED,unclassified,not assessed,Conservative extraction row; retain no factual content unless a manual/source-locator row supports it.
A-CLAUSE-0540,Antigravity review,Question 5; L540,inference/system fact,- **Relative Reliability:** Median $ICC = 0.97$ (range 0.64 to 0.99; 92% of ICCs $\ge 0.90$).,citation/identifier as embedded in report line,source-report text only,unassigned pending source check,UNVERIFIED—FULL TEXT REQUIRED,unclassified,not assessed,Conservative extraction row; retain no factual content unless a manual/source-locator row supports it.
A-CLAUSE-0541,Antigravity review,Question 5; L541,inference/system fact,- **Absolute Error:** Within-subject $CV$ ranged from $0.5\%$ to $12.1\%$ (median $CV = 4.2\%$).,citation/identifier as embedded in report line,source-report text only,unassigned pending source check,UNVERIFIED—FULL TEXT REQUIRED,unclassified,not assessed,Conservative extraction row; retain no factual content unless a manual/source-locator row supports it.
A-CLAUSE-0542,Antigravity review,Question 5; L542,published finding,"2. **Machine vs Free Weight Absolute Reliability & MDC95:** Silva et al. (2024) [Tier B−; PMID: 38086002, DOI: 10.1097/GME.0000000000002294] ($n=113$ adults across 7 exercises):",citation/identifier as embedded in report line,source-report text only,unassigned pending source check,UNVERIFIED—FULL TEXT REQUIRED,unclassified,not assessed,Conservative extraction row; retain no factual content unless a manual/source-locator row supports it.
A-CLAUSE-0543,Antigravity review,Question 5; L543,inference/system fact,- Calculated $\text{MDC}_{95}$ values: Leg Press $\text{MDC}_{95} = 15\%$; Bench Press $\text{MDC}_{95} = 19\%$; Lat Pulldown $\text{MDC}_{95} = 31\%$; Leg Extension $\text{MDC}_{95} = 35\%$; Leg Curl $\text{MDC}_{95} = 51\%$.,citation/identifier as embedded in report line,source-report text only,unassigned pending source check,UNVERIFIED—FULL TEXT REQUIRED,unclassified,not assessed,Conservative extraction row; retain no factual content unless a manual/source-locator row supports it.
A-CLAUSE-0544,Antigravity review,Question 5; L544,inference/system fact,"- *Core Insight:* While 1RM tests possess high relative reliability (preserving cohort rank), **absolute precision is wide**; single-session changes $<15-35\%$ cannot be distinguished from noise without multi-session averaging.",citation/identifier as embedded in report line,source-report text only,unassigned pending source check,UNVERIFIED—FULL TEXT REQUIRED,unclassified,not assessed,Conservative extraction row; retain no factual content unless a manual/source-locator row supports it.
A-CLAUSE-0545,Antigravity review,Question 5; L545,published finding,"3. **Pneumatic Machine 1RM Reliability:** Infante et al. (2021) [Tier B−; PMID: 35133999, DOI: 10.1519/JSC.0000000000004143]: Chest press $ICC = 0.974$, $CV = 5.28\%$, $\text{MDC}_{95} = 2.69\text{ kg}$; Leg press $ICC = 0.972$, $CV = 6.32\%$, $\text{MDC}_{95} = 17.63\text{ kg}$.",citation/identifier as embedded in report line,source-report text only,unassigned pending source check,UNVERIFIED—FULL TEXT REQUIRED,unclassified,not assessed,Conservative extraction row; retain no factual content unless a manual/source-locator row supports it.
A-CLAUSE-0546,Antigravity review,Question 5; L546,published finding,"4. **Neuromuscular Reliability:** Schaun et al. (2025) [Tier B−; PMID: 40067538, DOI: 10.1007/s11357-025-01590-0]: In 43 adults tested 4 weeks apart, maximal dynamic 1RM exhibited $CV = 2.2\% - 7.0\%$, whereas submaximal peak power showed $CV = 14.4\% - 19.8\%$.",citation/identifier as embedded in report line,source-report text only,unassigned pending source check,UNVERIFIED—FULL TEXT REQUIRED,unclassified,not assessed,Conservative extraction row; retain no factual content unless a manual/source-locator row supports it.
A-CLAUSE-0549,Antigravity review,Question 5; L549,published finding,"- **Smallest Worthwhile Change (SWC):** Hopkins (2000) [Tier B−; PMID: 10907753, DOI: 10.2165/00007256-200030010-00001]; Swinton et al. (2018) [Tier B−; PMID: 29892599, DOI: 10.3389/fnut.2018.00041].",citation/identifier as embedded in report line,source-report text only,unassigned pending source check,UNVERIFIED—FULL TEXT REQUIRED,unclassified,not assessed,Conservative extraction row; retain no factual content unless a manual/source-locator row supports it.
A-CLAUSE-0550,Antigravity review,Question 5; L550,published finding,"- **Physiological Adaptation Rates:** Schoenfeld et al. (2016) [Tier A; PMID: 27102172]; Suchomel et al. (2018) [Tier D; PMID: 29372481]. In intermediate-to-advanced lifters, true strength gains average **$0.25\% - 0.75\%$ per week** (or $\sim 3\% - 6\%$ across an entire 8- to 12-week mesocycle).",citation/identifier as embedded in report line,source-report text only,unassigned pending source check,UNVERIFIED—FULL TEXT REQUIRED,unclassified,not assessed,Conservative extraction row; retain no factual content unless a manual/source-locator row supports it.
A-CLAUSE-0551,Antigravity review,Question 5; L551,inference/system fact,- **The Paradox:**,citation/identifier as embedded in report line,source-report text only,unassigned pending source check,UNVERIFIED—FULL TEXT REQUIRED,unclassified,not assessed,Conservative extraction row; retain no factual content unless a manual/source-locator row supports it.
A-CLAUSE-0552,Antigravity review,Question 5; L552,derived calculation,$$\text{Single-Session } \text{MDC}_{95} \approx 2.77 \times 4.2\% \approx 11.6\%$$,citation/identifier as embedded in report line,source-report text only,unassigned pending source check,AUDITOR-DERIVED—NOT PUBLISHED,unclassified,not assessed,Conservative extraction row; retain no factual content unless a manual/source-locator row supports it.
A-CLAUSE-0553,Antigravity review,Question 5; L553,derived calculation,$$\text{Weekly True Physiological Adaptation } (\Delta_{\text{true}}) \approx 0.50\%$$,citation/identifier as embedded in report line,source-report text only,unassigned pending source check,AUDITOR-DERIVED—NOT PUBLISHED,unclassified,not assessed,Conservative extraction row; retain no factual content unless a manual/source-locator row supports it.
A-CLAUSE-0554,Antigravity review,Question 5; L554,derived calculation,$$\text{Signal-to-Noise Ratio (Single Session)} = \frac{0.50\%}{4.2\%} \approx 0.12 \ll 1.0$$,citation/identifier as embedded in report line,source-report text only,unassigned pending source check,AUDITOR-DERIVED—NOT PUBLISHED,unclassified,not assessed,Conservative extraction row; retain no factual content unless a manual/source-locator row supports it.
A-CLAUSE-0555,Antigravity review,Question 5; L555,inference/system fact,"Single-session measurement noise ($\sim 4.2\% - 10\%$) is **8 to 20 times larger** than the true weekly adaptation signal. Therefore, **any single-session change (e.g., +2.5 kg or +1 rep) is statistically indistinguishable from noise.**",citation/identifier as embedded in report line,source-report text only,unassigned pending source check,UNVERIFIED—FULL TEXT REQUIRED,unclassified,not assessed,Conservative extraction row; retain no factual content unless a manual/source-locator row supports it.
A-CLAUSE-0558,Antigravity review,Question 5; L558,inference/system fact,Noise Floor vs. Adaptation Signal:,citation/identifier as embedded in report line,source-report text only,unassigned pending source check,UNVERIFIED—FULL TEXT REQUIRED,unclassified,not assessed,Conservative extraction row; retain no factual content unless a manual/source-locator row supports it.
A-CLAUSE-0559,Antigravity review,Question 5; L559,inference/system fact,|=============================| Single Session MDC95 (11.6%),citation/identifier as embedded in report line,source-report text only,unassigned pending source check,UNVERIFIED—FULL TEXT REQUIRED,unclassified,not assessed,Conservative extraction row; retain no factual content unless a manual/source-locator row supports it.
A-CLAUSE-0560,Antigravity review,Question 5; L560,inference/system fact,|====| Single Session SEM (4.2%),citation/identifier as embedded in report line,source-report text only,unassigned pending source check,UNVERIFIED—FULL TEXT REQUIRED,unclassified,not assessed,Conservative extraction row; retain no factual content unless a manual/source-locator row supports it.
A-CLAUSE-0561,Antigravity review,Question 5; L561,inference/system fact,|=   | Weekly True Adaptation (0.5%),citation/identifier as embedded in report line,source-report text only,unassigned pending source check,UNVERIFIED—FULL TEXT REQUIRED,unclassified,not assessed,Conservative extraction row; retain no factual content unless a manual/source-locator row supports it.
A-CLAUSE-0568,Antigravity review,Question 5; L568,inference/system fact,"Because single-session observations are dominated by noise, measurements must be aggregated over time to reduce the standard error of the estimate.",citation/identifier as embedded in report line,source-report text only,unassigned pending source check,UNVERIFIED—FULL TEXT REQUIRED,unclassified,not assessed,Conservative extraction row; retain no factual content unless a manual/source-locator row supports it.
A-CLAUSE-0571,Antigravity review,Question 5; L571,derived calculation,"Assuming independent, identically distributed session errors with noise standard deviation $\sigma_{\text{noise}} = \text{SEM} \approx 4.2\%$, the standard error of a sample mean over $n$ independent sessions is:",citation/identifier as embedded in report line,source-report text only,unassigned pending source check,AUDITOR-DERIVED—NOT PUBLISHED,unclassified,not assessed,Conservative extraction row; retain no factual content unless a manual/source-locator row supports it.
A-CLAUSE-0572,Antigravity review,Question 5; L572,derived calculation,$$\sigma_{\text{mean}} = \frac{\text{SEM}}{\sqrt{n}}$$,citation/identifier as embedded in report line,source-report text only,unassigned pending source check,AUDITOR-DERIVED—NOT PUBLISHED,unclassified,not assessed,Conservative extraction row; retain no factual content unless a manual/source-locator row supports it.
A-CLAUSE-0573,Antigravity review,Question 5; L573,inference/system fact,The Minimal Detectable Change across a rolling window of $n$ sessions ($\text{MDC}_{\text{window}}$) is:,citation/identifier as embedded in report line,source-report text only,unassigned pending source check,UNVERIFIED—FULL TEXT REQUIRED,unclassified,not assessed,Conservative extraction row; retain no factual content unless a manual/source-locator row supports it.
A-CLAUSE-0574,Antigravity review,Question 5; L574,inference/system fact,$$\text{MDC}_{\text{window}} = \frac{2.77 \times \text{SEM}}{\sqrt{n}}$$,citation/identifier as embedded in report line,source-report text only,unassigned pending source check,UNVERIFIED—FULL TEXT REQUIRED,unclassified,not assessed,Conservative extraction row; retain no factual content unless a manual/source-locator row supports it.
A-CLAUSE-0575,Antigravity review,Question 5; L575,inference/system fact,"To reliably detect a true cumulative adaptation $\Delta_{\text{true}}$ at the 95% confidence level, we require:",citation/identifier as embedded in report line,source-report text only,unassigned pending source check,UNVERIFIED—FULL TEXT REQUIRED,unclassified,not assessed,Conservative extraction row; retain no factual content unless a manual/source-locator row supports it.
A-CLAUSE-0576,Antigravity review,Question 5; L576,inference/system fact,$$\text{MDC}_{\text{window}} \le \Delta_{\text{true}} \implies \sqrt{n} \ge \frac{2.77 \times \text{SEM}}{\Delta_{\text{true}}} \implies n \ge \left( \frac{2.77 \times 4.2\%}{\Delta_{\text{true}}} \right)^2$$,citation/identifier as embedded in report line,source-report text only,unassigned pending source check,UNVERIFIED—FULL TEXT REQUIRED,unclassified,not assessed,Conservative extraction row; retain no factual content unless a manual/source-locator row supports it.
A-CLAUSE-0578,Antigravity review,Question 5; L578,inference/system fact,For a mesocycle adaptation $\Delta_{\text{true}} = 3.5\%$:,citation/identifier as embedded in report line,source-report text only,unassigned pending source check,UNVERIFIED—FULL TEXT REQUIRED,unclassified,not assessed,Conservative extraction row; retain no factual content unless a manual/source-locator row supports it.
A-CLAUSE-0579,Antigravity review,Question 5; L579,derived calculation,$$n \ge \left( \frac{11.63\%}{3.5\%} \right)^2 = (3.32)^2 \approx 11 \text{ recorded sessions}$$,citation/identifier as embedded in report line,source-report text only,unassigned pending source check,AUDITOR-DERIVED—NOT PUBLISHED,unclassified,not assessed,Conservative extraction row; retain no factual content unless a manual/source-locator row supports it.
A-CLAUSE-0582,Antigravity review,Question 5; L582,inference/system fact,+---------------------------------------------------------------------------------------------------+,citation/identifier as embedded in report line,source-report text only,unassigned pending source check,UNVERIFIED—FULL TEXT REQUIRED,unclassified,not assessed,Conservative extraction row; retain no factual content unless a manual/source-locator row supports it.
A-CLAUSE-0583,Antigravity review,Question 5; L583,inference/system fact,|                        OPERATIONAL PERSISTENCE WINDOW REQUIREMENTS                                |,citation/identifier as embedded in report line,source-report text only,unassigned pending source check,UNVERIFIED—FULL TEXT REQUIRED,unclassified,not assessed,Conservative extraction row; retain no factual content unless a manual/source-locator row supports it.
A-CLAUSE-0584,Antigravity review,Question 5; L584,inference/system fact,+------------------+-------------------+--------------------+-------------------+-------------------+,citation/identifier as embedded in report line,source-report text only,unassigned pending source check,UNVERIFIED—FULL TEXT REQUIRED,unclassified,not assessed,Conservative extraction row; retain no factual content unless a manual/source-locator row supports it.
A-CLAUSE-0585,Antigravity review,Question 5; L585,inference/system fact,| Lifter Level     | Weekly Adaptation | Mesocycle Delta    | Sessions Required | Required Window   |,citation/identifier as embedded in report line,source-report text only,unassigned pending source check,UNVERIFIED—FULL TEXT REQUIRED,unclassified,not assessed,Conservative extraction row; retain no factual content unless a manual/source-locator row supports it.
A-CLAUSE-0586,Antigravity review,Question 5; L586,inference/system fact,+------------------+-------------------+--------------------+-------------------+-------------------+,citation/identifier as embedded in report line,source-report text only,unassigned pending source check,UNVERIFIED—FULL TEXT REQUIRED,unclassified,not assessed,Conservative extraction row; retain no factual content unless a manual/source-locator row supports it.
A-CLAUSE-0587,Antigravity review,Question 5; L587,inference/system fact,| Novice           | 1.5% – 2.5% / wk  | 8% – 12%           | 3 – 5 sessions    | 2 – 3 weeks       |,citation/identifier as embedded in report line,source-report text only,unassigned pending source check,UNVERIFIED—FULL TEXT REQUIRED,unclassified,not assessed,Conservative extraction row; retain no factual content unless a manual/source-locator row supports it.
A-CLAUSE-0588,Antigravity review,Question 5; L588,inference/system fact,| Intermediate     | 0.5% – 1.0% / wk  | 4% – 6%            | 6 – 9 sessions    | 3 – 5 weeks       |,citation/identifier as embedded in report line,source-report text only,unassigned pending source check,UNVERIFIED—FULL TEXT REQUIRED,unclassified,not assessed,Conservative extraction row; retain no factual content unless a manual/source-locator row supports it.
A-CLAUSE-0589,Antigravity review,Question 5; L589,inference/system fact,| Advanced / Elite | 0.1% – 0.3% / wk  | 1.5% – 3.0%        | 15 – 30 sessions  | 8 – 16 weeks      |,citation/identifier as embedded in report line,source-report text only,unassigned pending source check,UNVERIFIED—FULL TEXT REQUIRED,unclassified,not assessed,Conservative extraction row; retain no factual content unless a manual/source-locator row supports it.
A-CLAUSE-0590,Antigravity review,Question 5; L590,inference/system fact,+------------------+-------------------+--------------------+-------------------+-------------------+,citation/identifier as embedded in report line,source-report text only,unassigned pending source check,UNVERIFIED—FULL TEXT REQUIRED,unclassified,not assessed,Conservative extraction row; retain no factual content unless a manual/source-locator row supports it.
A-CLAUSE-0594,Antigravity review,Question 5; L594,inference/system fact,"1. **Exponentially Weighted Moving Average (EWMA):** A persistent smoothing window (half-life of 3–5 weeks) dampens acute daily spikes (sleep loss, diurnal shifts) while tracking underlying mechanical capacity.",citation/identifier as embedded in report line,source-report text only,unassigned pending source check,UNVERIFIED—FULL TEXT REQUIRED,unclassified,not assessed,Conservative extraction row; retain no factual content unless a manual/source-locator row supports it.
A-CLAUSE-0595,Antigravity review,Question 5; L595,inference/system fact,"2. **Compounded Submaximal e1RM Error:** In submaximal sets with RPE, error in rep counts ($\pm 1-2$ reps) and RPE ($\pm 1$ unit) cascades into the formula, inflating single-session e1RM SEM to **$6.5\% - 8.5\%$** and pushing single-session $\text{MDC}_{95}$ to **$18\% - 24\%$**.",citation/identifier as embedded in report line,source-report text only,unassigned pending source check,UNVERIFIED—FULL TEXT REQUIRED,unclassified,not assessed,Conservative extraction row; retain no factual content unless a manual/source-locator row supports it.
A-CLAUSE-0602,Antigravity review,Question 5; L602,inference/system fact,"1. **Displaying smoothed multi-week rolling trendlines** (e.g., 4- to 6-week EWMA) with visual confidence intervals representing the $\pm \text{MDC}_{95}$ noise band.",citation/identifier as embedded in report line,source-report text only,unassigned pending source check,UNVERIFIED—FULL TEXT REQUIRED,unclassified,not assessed,Conservative extraction row; retain no factual content unless a manual/source-locator row supports it.
A-CLAUSE-0603,Antigravity review,Question 5; L603,inference/system fact,2. **Confirming a true progression milestone only when performance remains elevated above the prior baseline for $\ge 6-10$ consecutive exposures across $\ge 3-4$ weeks.**,citation/identifier as embedded in report line,source-report text only,unassigned pending source check,UNVERIFIED—FULL TEXT REQUIRED,unclassified,not assessed,Conservative extraction row; retain no factual content unless a manual/source-locator row supports it.
A-CLAUSE-0604,Antigravity review,Question 5; L604,inference/system fact,3. **Explicitly educating the user that daily fluctuations of $\pm 5-10\%$ represent expected biological noise.**,citation/identifier as embedded in report line,source-report text only,unassigned pending source check,UNVERIFIED—FULL TEXT REQUIRED,unclassified,not assessed,Conservative extraction row; retain no factual content unless a manual/source-locator row supports it.
A-CLAUSE-0607,Antigravity review,Question 5; L607,inference/system fact,1. **Declaring strength progression or regression based on 1 or 2 individual workouts.**,citation/identifier as embedded in report line,source-report text only,unassigned pending source check,UNVERIFIED—FULL TEXT REQUIRED,unclassified,not assessed,Conservative extraction row; retain no factual content unless a manual/source-locator row supports it.
A-CLAUSE-0608,Antigravity review,Question 5; L608,inference/system fact,2. **Automatically increasing prescribed loads based on a single high-performing session.**,citation/identifier as embedded in report line,source-report text only,unassigned pending source check,UNVERIFIED—FULL TEXT REQUIRED,unclassified,not assessed,Conservative extraction row; retain no factual content unless a manual/source-locator row supports it.
A-CLAUSE-0609,Antigravity review,Question 5; L609,inference/system fact,3. **Triggering program deloads or intensity demotions based on a single decreased-performance workout.**,citation/identifier as embedded in report line,source-report text only,unassigned pending source check,UNVERIFIED—FULL TEXT REQUIRED,unclassified,not assessed,Conservative extraction row; retain no factual content unless a manual/source-locator row supports it.
A-CLAUSE-0617,Antigravity review,Question 6; L617,inference/system fact,"When an unsupervised athlete is presented with continuous numerical quantification, their psychological relationship with the activity fundamentally transforms:",citation/identifier as embedded in report line,source-report text only,unassigned pending source check,UNVERIFIED—FULL TEXT REQUIRED,unclassified,not assessed,Conservative extraction row; retain no factual content unless a manual/source-locator row supports it.
A-CLAUSE-0619,Antigravity review,Question 6; L619,published finding,- **The Hidden Cost of Personal Quantification:** Etkin (2016) [Tier B−; DOI: 10.1093/jcr/ucv095] conducted 6 controlled experimental trials into the behavioural consequences of self-tracking ($N=80-200+$ per experiment):,citation/identifier as embedded in report line,source-report text only,unassigned pending source check,UNVERIFIED—FULL TEXT REQUIRED,unclassified,not assessed,Conservative extraction row; retain no factual content unless a manual/source-locator row supports it.
A-CLAUSE-0620,Antigravity review,Question 6; L620,inference/system fact,"- *Findings:* While tracking daily output (steps, exercise volume) increased physical volume in the short term, it **systematically reduced intrinsic motivation** ($p < 0.01$, Cohen's $d = 0.45 - 0.62$). Quantification reframes an autotelic, enjoyable activity into ""work"" or an external task. Once tracking was removed or feedback stalled, individuals showed marked declines in task persistence and enjoyment compared to unquantified controls.",citation/identifier as embedded in report line,source-report text only,unassigned pending source check,UNVERIFIED—FULL TEXT REQUIRED,unclassified,not assessed,Conservative extraction row; retain no factual content unless a manual/source-locator row supports it.
A-CLAUSE-0621,Antigravity review,Question 6; L621,published finding,"- **Dataveillance, Algorithmic Anxiety, and Alienation:** Lupton (2016) [Tier C; ISBN: 9781509500604] documented that displaying real-time quantified scores creates ""algorithmic anxiety"" and interoceptive alienation. Users prioritize digital numbers over internal somatic cues (fatigue, joint pain, stiffness), feeling guilt when biological readiness does not match the app's curve.",citation/identifier as embedded in report line,source-report text only,unassigned pending source check,UNVERIFIED—FULL TEXT REQUIRED,unclassified,not assessed,Conservative extraction row; retain no factual content unless a manual/source-locator row supports it.
A-CLAUSE-0627,Antigravity review,Question 6; L627,published finding,"- **Goodhart's Law (Goodhart, 1975)** [Tier D]: *""When a measure becomes a target, it ceases to be a good measure.""*",citation/identifier as embedded in report line,source-report text only,unassigned pending source check,UNVERIFIED—FULL TEXT REQUIRED,unclassified,not assessed,Conservative extraction row; retain no factual content unless a manual/source-locator row supports it.
A-CLAUSE-0628,Antigravity review,Question 6; L628,published finding,"- **Campbell's Law (Campbell, 1979)** [Tier D]: *""The more any quantitative social indicator is used for social decision-making, the more subject it will be to corruption pressures and the more apt it will be to distort and corrupt the processes it is intended to monitor.""*",citation/identifier as embedded in report line,source-report text only,unassigned pending source check,UNVERIFIED—FULL TEXT REQUIRED,unclassified,not assessed,Conservative extraction row; retain no factual content unless a manual/source-locator row supports it.
A-CLAUSE-0631,Antigravity review,Question 6; L631,inference/system fact,Mechanism of Metric Corruption (Goodhart's Law in Strength Apps):,citation/identifier as embedded in report line,source-report text only,unassigned pending source check,UNVERIFIED—FULL TEXT REQUIRED,unclassified,not assessed,Conservative extraction row; retain no factual content unless a manual/source-locator row supports it.
A-CLAUSE-0632,Antigravity review,Question 6; L632,inference/system fact,App Promotes Metric (e.g. Volume-Load / e1RM),citation/identifier as embedded in report line,source-report text only,unassigned pending source check,UNVERIFIED—FULL TEXT REQUIRED,unclassified,not assessed,Conservative extraction row; retain no factual content unless a manual/source-locator row supports it.
A-CLAUSE-0633,Antigravity review,Question 6; L633,inference/system fact,──> Lifter Optimizes Proxy,citation/identifier as embedded in report line,source-report text only,unassigned pending source check,UNVERIFIED—FULL TEXT REQUIRED,unclassified,not assessed,Conservative extraction row; retain no factual content unless a manual/source-locator row supports it.
A-CLAUSE-0634,Antigravity review,Question 6; L634,inference/system fact,──> Truncates ROM / Games RPE / Adds Junk Volume,citation/identifier as embedded in report line,source-report text only,unassigned pending source check,UNVERIFIED—FULL TEXT REQUIRED,unclassified,not assessed,Conservative extraction row; retain no factual content unless a manual/source-locator row supports it.
A-CLAUSE-0635,Antigravity review,Question 6; L635,inference/system fact,"──> App Records ""Progress"" while Biological Stimulus Degrades & Injury Risk Spikes",citation/identifier as embedded in report line,source-report text only,unassigned pending source check,UNVERIFIED—FULL TEXT REQUIRED,unclassified,not assessed,Conservative extraction row; retain no factual content unless a manual/source-locator row supports it.
A-CLAUSE-0639,Antigravity review,Question 6; L639,inference/system fact,"1. **Range-of-Motion (ROM) Truncation:** When load or e1RM is tracked as the primary metric, unsupervised lifters unconsciously cut depth on squats, bounce bench presses, or hyperextend the lumbar spine on deadlifts.",citation/identifier as embedded in report line,source-report text only,unassigned pending source check,UNVERIFIED—FULL TEXT REQUIRED,unclassified,not assessed,Conservative extraction row; retain no factual content unless a manual/source-locator row supports it.
A-CLAUSE-0640,Antigravity review,Question 6; L640,inference/system fact,"2. **RPE / RIR Falsification (Gaming the Formula):** If e1RM is calculated from RPE, lifters underreport RPE (entering RPE 8 when true effort was RPE 10) to force the app to display a higher e1RM.",citation/identifier as embedded in report line,source-report text only,unassigned pending source check,UNVERIFIED—FULL TEXT REQUIRED,unclassified,not assessed,Conservative extraction row; retain no factual content unless a manual/source-locator row supports it.
A-CLAUSE-0641,Antigravity review,Question 6; L641,inference/system fact,"3. **Junk Volume Accumulation:** If total volume-load is rewarded, lifters accumulate low-effort sets far from failure (e.g., 5 sets of 15 at 40% 1RM) that maximize tonnage while providing negligible stimulus.",citation/identifier as embedded in report line,source-report text only,unassigned pending source check,UNVERIFIED—FULL TEXT REQUIRED,unclassified,not assessed,Conservative extraction row; retain no factual content unless a manual/source-locator row supports it.
A-CLAUSE-0647,Antigravity review,Question 6; L647,published finding,"- **Epidemiology of Resistance Training Injuries:** Keogh & Winwood (2017) [Tier A; PMID: 27328853, DOI: 10.1007/s40279-016-0575-0]: Across weight-training sports, injury incidence ranges from **1.0 to 4.4 injuries per 1,000 hours of training**, primarily overuse tendinopathies and muscle strains from rapid load spikes.",citation/identifier as embedded in report line,source-report text only,unassigned pending source check,UNVERIFIED—FULL TEXT REQUIRED,unclassified,not assessed,Conservative extraction row; retain no factual content unless a manual/source-locator row supports it.
A-CLAUSE-0648,Antigravity review,Question 6; L648,published finding,"- **Prevalence in Heavy Lifters:** Strömbäck et al. (2018) [Tier B; PMID: 29785405, DOI: 10.1177/2325967118771016] ($n=104$ powerlifters): **70% were currently injured**, and **87% reported an injury within the past 12 months** (lumbopelvic spine 44%, shoulder 36%, knee 21%). Chasing scheduled load increases during acute fatigue was identified as a primary proximate cause.",citation/identifier as embedded in report line,source-report text only,unassigned pending source check,UNVERIFIED—FULL TEXT REQUIRED,unclassified,not assessed,Conservative extraction row; retain no factual content unless a manual/source-locator row supports it.
A-CLAUSE-0649,Antigravity review,Question 6; L649,published finding,"- **Biomechanical Failure:** Aasa et al. (2017) [Tier A; PMID: 27707741, DOI: 10.1136/bjsports-2016-096037]: Biomechanical failure under near-maximal loads typically occurs when technical integrity breaks down (lumbar flexion under axial compressive load).",citation/identifier as embedded in report line,source-report text only,unassigned pending source check,UNVERIFIED—FULL TEXT REQUIRED,unclassified,not assessed,Conservative extraction row; retain no factual content unless a manual/source-locator row supports it.
A-CLAUSE-0655,Antigravity review,Question 6; L655,published finding,"- **Real-World Mobile Health App Retention:** Baumel et al. (2019) [Tier B−; PMID: 31573916, DOI: 10.2196/14567] ($>100,000$ users across 93 apps): **Median 30-day user retention was only 3.3% to 4.0%**, with daily active minutes dropping by $>80\%$ within 14 days. Apps imposing high data logging friction or aggressive performance pressure experienced the steepest drop-offs.",citation/identifier as embedded in report line,source-report text only,unassigned pending source check,UNVERIFIED—FULL TEXT REQUIRED,unclassified,not assessed,Conservative extraction row; retain no factual content unless a manual/source-locator row supports it.
A-CLAUSE-0656,Antigravity review,Question 6; L656,published finding,"- **Compulsive Exercise & Psychological Morbidity:** Simpson & Mazzeo (2017) [Tier B; PMID: 28214452, DOI: 10.1016/j.eatbeh.2017.02.002] ($n=493$ young adults): Quantified fitness tracking was significantly associated with elevated **exercise dependence and eating disorder symptomatology** ($F = 12.42, p < 0.001$), driven by obsessive score maintenance.",citation/identifier as embedded in report line,source-report text only,unassigned pending source check,UNVERIFIED—FULL TEXT REQUIRED,unclassified,not assessed,Conservative extraction row; retain no factual content unless a manual/source-locator row supports it.
A-CLAUSE-0657,Antigravity review,Question 6; L657,published finding,"- **Gamification Fatigue & Reactance:** Kersten-van Dijk et al. (2017) [Tier B−; DOI: 10.1080/07370024.2016.1276456]: Superficial gamification (streaks, badges) induces extrinsic compliance that burns out. Inevitable streak breaks lead to psychological reactance and app abandonment.",citation/identifier as embedded in report line,source-report text only,unassigned pending source check,UNVERIFIED—FULL TEXT REQUIRED,unclassified,not assessed,Conservative extraction row; retain no factual content unless a manual/source-locator row supports it.
A-CLAUSE-0664,Antigravity review,Question 6; L664,inference/system fact,"1. **Neutral, low-friction descriptive logging** that functions as an objective training diary reflecting entered data without moralizing feedback.",citation/identifier as embedded in report line,source-report text only,unassigned pending source check,UNVERIFIED—FULL TEXT REQUIRED,unclassified,not assessed,Conservative extraction row; retain no factual content unless a manual/source-locator row supports it.
A-CLAUSE-0665,Antigravity review,Question 6; L665,inference/system fact,2. **Delivering qualitative movement consistency reminders** emphasizing that consistent range of motion and cadence are prerequisite to valid logging.,citation/identifier as embedded in report line,source-report text only,unassigned pending source check,UNVERIFIED—FULL TEXT REQUIRED,unclassified,not assessed,Conservative extraction row; retain no factual content unless a manual/source-locator row supports it.
A-CLAUSE-0666,Antigravity review,Question 6; L666,inference/system fact,"3. **Supporting flexible, non-punitive workout scheduling** to prevent streak-breaking anxiety and user attrition.",citation/identifier as embedded in report line,source-report text only,unassigned pending source check,UNVERIFIED—FULL TEXT REQUIRED,unclassified,not assessed,Conservative extraction row; retain no factual content unless a manual/source-locator row supports it.
A-CLAUSE-0669,Antigravity review,Question 6; L669,inference/system fact,1. **Gamifying daily PR streaks or rewarding consecutive-session load increases.**,citation/identifier as embedded in report line,source-report text only,unassigned pending source check,UNVERIFIED—FULL TEXT REQUIRED,unclassified,not assessed,Conservative extraction row; retain no factual content unless a manual/source-locator row supports it.
A-CLAUSE-0670,Antigravity review,Question 6; L670,inference/system fact,"2. **Creating composite progression scores or gamified ""Strength Points"".**",citation/identifier as embedded in report line,source-report text only,unassigned pending source check,UNVERIFIED—FULL TEXT REQUIRED,unclassified,not assessed,Conservative extraction row; retain no factual content unless a manual/source-locator row supports it.
A-CLAUSE-0671,Antigravity review,Question 6; L671,inference/system fact,"3. **Displaying punitive feedback (red down-arrows, failure badges) on sub-baseline workouts.**",citation/identifier as embedded in report line,source-report text only,unassigned pending source check,UNVERIFIED—FULL TEXT REQUIRED,unclassified,not assessed,Conservative extraction row; retain no factual content unless a manual/source-locator row supports it.
A-CLAUSE-0679,Antigravity review,Question 7; L679,inference/system fact,"In an offline mobile app without wearable sensors, linear transducers, or force plates, candidate progression axes must satisfy two criteria:",citation/identifier as embedded in report line,source-report text only,unassigned pending source check,UNVERIFIED—FULL TEXT REQUIRED,unclassified,not assessed,Conservative extraction row; retain no factual content unless a manual/source-locator row supports it.
A-CLAUSE-0680,Antigravity review,Question 7; L680,inference/system fact,1. **Physiological Validity:** Reflects genuine neuromuscular overload.,citation/identifier as embedded in report line,source-report text only,unassigned pending source check,UNVERIFIED—FULL TEXT REQUIRED,unclassified,not assessed,Conservative extraction row; retain no factual content unless a manual/source-locator row supports it.
A-CLAUSE-0681,Antigravity review,Question 7; L681,published finding,2. **Measurement Reliability (Tier B− Psychometrics):** Can be self-reported by an unsupervised lifter with low intra-individual error and high test-retest reliability without cognitive friction.,citation/identifier as embedded in report line,source-report text only,unassigned pending source check,UNVERIFIED—FULL TEXT REQUIRED,unclassified,not assessed,Conservative extraction row; retain no factual content unless a manual/source-locator row supports it.
A-CLAUSE-0684,Antigravity review,Question 7; L684,inference/system fact,+-----------------------------------------------------------------------------------+,citation/identifier as embedded in report line,source-report text only,unassigned pending source check,UNVERIFIED—FULL TEXT REQUIRED,unclassified,not assessed,Conservative extraction row; retain no factual content unless a manual/source-locator row supports it.
A-CLAUSE-0685,Antigravity review,Question 7; L685,inference/system fact,|               NON-LOAD AXIS EVALUATION MATRIX (MOBILE APP CONSTRAINTS)             |,citation/identifier as embedded in report line,source-report text only,unassigned pending source check,UNVERIFIED—FULL TEXT REQUIRED,unclassified,not assessed,Conservative extraction row; retain no factual content unless a manual/source-locator row supports it.
A-CLAUSE-0686,Antigravity review,Question 7; L686,inference/system fact,|                                                                                   |,citation/identifier as embedded in report line,source-report text only,unassigned pending source check,UNVERIFIED—FULL TEXT REQUIRED,unclassified,not assessed,Conservative extraction row; retain no factual content unless a manual/source-locator row supports it.
A-CLAUSE-0687,Antigravity review,Question 7; L687,inference/system fact,|  AXIS                     MEASURABILITY      PHYSIOLOGICAL VALIDITY   STATUS      |,citation/identifier as embedded in report line,source-report text only,unassigned pending source check,UNVERIFIED—FULL TEXT REQUIRED,unclassified,not assessed,Conservative extraction row; retain no factual content unless a manual/source-locator row supports it.
A-CLAUSE-0688,Antigravity review,Question 7; L688,inference/system fact,|  -------------------------------------------------------------------------------  |,citation/identifier as embedded in report line,source-report text only,unassigned pending source check,UNVERIFIED—FULL TEXT REQUIRED,unclassified,not assessed,Conservative extraction row; retain no factual content unless a manual/source-locator row supports it.
A-CLAUSE-0689,Antigravity review,Question 7; L689,inference/system fact,|  1. Weekly Hard Sets      HIGH (Binary)      HIGH (Dose-Response)     VALID       |,citation/identifier as embedded in report line,source-report text only,unassigned pending source check,UNVERIFIED—FULL TEXT REQUIRED,unclassified,not assessed,Conservative extraction row; retain no factual content unless a manual/source-locator row supports it.
A-CLAUSE-0690,Antigravity review,Question 7; L690,inference/system fact,|  2. Leverage Tiers        HIGH (Categorical) HIGH (Biomechanical)     VALID       |,citation/identifier as embedded in report line,source-report text only,unassigned pending source check,UNVERIFIED—FULL TEXT REQUIRED,unclassified,not assessed,Conservative extraction row; retain no factual content unless a manual/source-locator row supports it.
A-CLAUSE-0691,Antigravity review,Question 7; L691,inference/system fact,|  3. Reps to Failure       HIGH (Count)       HIGH (Within-Tier)       VALID       |,citation/identifier as embedded in report line,source-report text only,unassigned pending source check,UNVERIFIED—FULL TEXT REQUIRED,unclassified,not assessed,Conservative extraction row; retain no factual content unless a manual/source-locator row supports it.
A-CLAUSE-0692,Antigravity review,Question 7; L692,inference/system fact,|  4. Inter-Set Rest/Density MODERATE (Timer)  LOW/CONTRAINDICATED      REJECTED    |,citation/identifier as embedded in report line,source-report text only,unassigned pending source check,UNVERIFIED—FULL TEXT REQUIRED,unclassified,not assessed,Conservative extraction row; retain no factual content unless a manual/source-locator row supports it.
A-CLAUSE-0693,Antigravity review,Question 7; L693,inference/system fact,|  5. Subjective Tempo/TUT  VERY LOW (Noise)   LOW (Trivial Effect)     REJECTED    |,citation/identifier as embedded in report line,source-report text only,unassigned pending source check,UNVERIFIED—FULL TEXT REQUIRED,unclassified,not assessed,Conservative extraction row; retain no factual content unless a manual/source-locator row supports it.
A-CLAUSE-0694,Antigravity review,Question 7; L694,inference/system fact,|  6. Continuous ROM Slider VERY LOW (Bias)    HIGH (Angle Specific)    REJECTED    |,citation/identifier as embedded in report line,source-report text only,unassigned pending source check,UNVERIFIED—FULL TEXT REQUIRED,unclassified,not assessed,Conservative extraction row; retain no factual content unless a manual/source-locator row supports it.
A-CLAUSE-0695,Antigravity review,Question 7; L695,inference/system fact,|  7. Form Quality Score    VERY LOW (Dunning) MODERATE                 REJECTED    |,citation/identifier as embedded in report line,source-report text only,unassigned pending source check,UNVERIFIED—FULL TEXT REQUIRED,unclassified,not assessed,Conservative extraction row; retain no factual content unless a manual/source-locator row supports it.
A-CLAUSE-0696,Antigravity review,Question 7; L696,inference/system fact,+-----------------------------------------------------------------------------------+,citation/identifier as embedded in report line,source-report text only,unassigned pending source check,UNVERIFIED—FULL TEXT REQUIRED,unclassified,not assessed,Conservative extraction row; retain no factual content unless a manual/source-locator row supports it.
A-CLAUSE-0704,Antigravity review,Question 7; L704,published finding,"- **Physiological Reality:** Longer rest intervals (>2 minutes, 2–3 min) are superior to short rest (<1 min) for 1RM strength ($g = 0.35$, $p < 0.05$) and multi-joint hypertrophy [Tier A; Grgic et al. 2018, PMID: 28933024, DOI: 10.1007/s40279-017-0788-x; Tier A; Davidson & Barillas 2025, DOI: 10.1101/2025.09.22.25336351].",citation/identifier as embedded in report line,source-report text only,unassigned pending source check,UNVERIFIED—FULL TEXT REQUIRED,unclassified,not assessed,Conservative extraction row; retain no factual content unless a manual/source-locator row supports it.
A-CLAUSE-0705,Antigravity review,Question 7; L705,published finding,"- **Singer et al. (2024)** [Tier A; PMID: 39205815, DOI: 10.3389/fspor.2024.1429789] (Bayesian meta-analysis, 9 studies): Benefit for rest $>60\text{s}$ ($\text{SMD} = 0.13-0.17$), plateauing past 90–120 seconds.",citation/identifier as embedded in report line,source-report text only,unassigned pending source check,UNVERIFIED—FULL TEXT REQUIRED,unclassified,not assessed,Conservative extraction row; retain no factual content unless a manual/source-locator row supports it.
A-CLAUSE-0706,Antigravity review,Question 7; L706,inference/system fact,"- **The ""Density Progression"" Trap:** Compressing rest intervals while holding load/reps constant increases cardiovascular strain and metabolic acidosis, but causes a 20–50% drop-off in subsequent set force output, blunts mechanical tension, and induces technical breakdown.",citation/identifier as embedded in report line,source-report text only,unassigned pending source check,UNVERIFIED—FULL TEXT REQUIRED,unclassified,not assessed,Conservative extraction row; retain no factual content unless a manual/source-locator row supports it.
A-CLAUSE-0707,Antigravity review,Question 7; L707,design proposal,"- **App Verdict:** **REJECT AS PROGRESSION METRIC**. Rest timers should be used solely as *restraint boundaries* (e.g., ensuring adequate recovery of $\ge 2$ min), never as a scored progression variable.",citation/identifier as embedded in report line,source-report text only,unassigned pending source check,UNSUPPORTED,unclassified,not assessed,Conservative extraction row; retain no factual content unless a manual/source-locator row supports it.
A-CLAUSE-0710,Antigravity review,Question 7; L710,published finding,"- **Measurement Reliability (Tier B−):** Self-reporting continuous ROM (e.g., ""90% depth"") has near-zero reliability. Athletes exhibit severe observer drift, cutting depth by 10–25% under high exertion while believing form remained constant [Tier B−; Weakley et al. 2021, DOI: 10.1519/SSC.0000000000000560].",citation/identifier as embedded in report line,source-report text only,unassigned pending source check,UNVERIFIED—FULL TEXT REQUIRED,unclassified,not assessed,Conservative extraction row; retain no factual content unless a manual/source-locator row supports it.
A-CLAUSE-0711,Antigravity review,Question 7; L711,design proposal,"- **App Verdict:** **REJECT AS CONTINUOUS SLIDER; ACCEPT AS DISCRETE CATEGORICAL MILESTONES** (e.g., ""Floor Push-Up"" vs ""Deficit Push-Up"").",citation/identifier as embedded in report line,source-report text only,unassigned pending source check,UNSUPPORTED,unclassified,not assessed,Conservative extraction row; retain no factual content unless a manual/source-locator row supports it.
A-CLAUSE-0714,Antigravity review,Question 7; L714,published finding,- **Measurement Reliability (Tier B−):** Self-counted seconds during high RPE exertion diverge by 30–50% from clock time.,citation/identifier as embedded in report line,source-report text only,unassigned pending source check,UNVERIFIED—FULL TEXT REQUIRED,unclassified,not assessed,Conservative extraction row; retain no factual content unless a manual/source-locator row supports it.
A-CLAUSE-0715,Antigravity review,Question 7; L715,published finding,"- **Physiological Reality:** Natural cadences (0.5–8.0s) produce equivalent hypertrophy [Tier A; Schoenfeld et al. 2015, PMID: 25601394, DOI: 10.1007/s40279-015-0304-0; Tier A; Wilk et al. 2021, PMID: 34043184, DOI: 10.1007/s40279-021-01465-2].",citation/identifier as embedded in report line,source-report text only,unassigned pending source check,UNVERIFIED—FULL TEXT REQUIRED,unclassified,not assessed,Conservative extraction row; retain no factual content unless a manual/source-locator row supports it.
A-CLAUSE-0716,Antigravity review,Question 7; L716,design proposal,- **App Verdict:** **REJECT ENTIRELY (PURE NOISE)**.,citation/identifier as embedded in report line,source-report text only,unassigned pending source check,UNSUPPORTED,unclassified,not assessed,Conservative extraction row; retain no factual content unless a manual/source-locator row supports it.
A-CLAUSE-0719,Antigravity review,Question 7; L719,published finding,"- **Measurement Reliability (Tier B−):** Novice and intermediate lifters suffer from Dunning-Kruger effects regarding technique, failing to self-identify lumbar flexion or momentum [Tier D; Dunning & Kruger 1999, PMID: 10626367, DOI: 10.1037/0022-3514.77.6.1121; Tier B−; Frost et al. 2015, PMID: 25486299, DOI: 10.1519/JSC.0000000000000793].",citation/identifier as embedded in report line,source-report text only,unassigned pending source check,UNVERIFIED—FULL TEXT REQUIRED,unclassified,not assessed,Conservative extraction row; retain no factual content unless a manual/source-locator row supports it.
A-CLAUSE-0720,Antigravity review,Question 7; L720,design proposal,"- **App Verdict:** **REJECT AS SCALAR PROGRESSION METRIC**. May exist only as a binary subjective checkbox (""Technical breakdown occurred: Yes/No"") for personal reflection.",citation/identifier as embedded in report line,source-report text only,unassigned pending source check,UNSUPPORTED,unclassified,not assessed,Conservative extraction row; retain no factual content unless a manual/source-locator row supports it.
A-CLAUSE-0723,Antigravity review,Question 7; L723,published finding,"- **Psychometric Validity (Tier B−):** While exact continuous RIR estimation carries an error margin of $\pm 1.2-2.5$ reps, binary thresholding into ""Hard Sets"" (RPE $\ge 8$ / RIR $\le 2$ vs submaximal warm-ups) is highly stable [Tier B−; Steele et al. 2017, PMID: 29204323; Tier B−; Halperin et al. 2022, PMID: 34542869].",citation/identifier as embedded in report line,source-report text only,unassigned pending source check,UNVERIFIED—FULL TEXT REQUIRED,unclassified,not assessed,Conservative extraction row; retain no factual content unless a manual/source-locator row supports it.
A-CLAUSE-0724,Antigravity review,Question 7; L724,published finding,"- **Physiological Reality:** Weekly hard set volume per muscle group exhibits a clear dose-response relationship with hypertrophy across the 10–20 set/week window ($R^2 = 0.68$) [Tier A; Baz-Valle et al. 2021, PMID: 30063555, DOI: 10.1519/JSC.0000000000002776; Tier A; Currier et al. 2023, PMID: 37414459, DOI: 10.1136/bjsports-2023-106807].",citation/identifier as embedded in report line,source-report text only,unassigned pending source check,UNVERIFIED—FULL TEXT REQUIRED,unclassified,not assessed,Conservative extraction row; retain no factual content unless a manual/source-locator row supports it.
A-CLAUSE-0725,Antigravity review,Question 7; L725,design proposal,- **App Verdict:** **VALID AND RECOMMENDED**. Tracking weekly count of hard sets is the single most scientifically justified non-load volume metric.,citation/identifier as embedded in report line,source-report text only,unassigned pending source check,UNSUPPORTED,unclassified,not assessed,Conservative extraction row; retain no factual content unless a manual/source-locator row supports it.
A-CLAUSE-0731,Antigravity review,Question 7; L731,published finding,| Candidate Axis | Tier | Measurement Validity / Reliability | Exact Citation (DOI / PMID) | App Implementation Guidance | What Goes Wrong If Wrong? |,citation/identifier as embedded in report line,source-report text only,unassigned pending source check,UNVERIFIED—FULL TEXT REQUIRED,unclassified,not assessed,Conservative extraction row; retain no factual content unless a manual/source-locator row supports it.
A-CLAUSE-0732,Antigravity review,Question 7; L732,inference/system fact,| :--- | :---: | :--- | :--- | :--- | :--- |,citation/identifier as embedded in report line,source-report text only,unassigned pending source check,UNVERIFIED—FULL TEXT REQUIRED,unclassified,not assessed,Conservative extraction row; retain no factual content unless a manual/source-locator row supports it.
A-CLAUSE-0733,Antigravity review,Question 7; L733,published finding,"| **Inter-Set Rest Duration (Density)** | **A** | Reliable timer measurement; **Negative** validity as strength progression ($g = 0.35$ favoring long rest) | [DOI: 10.1007/s40279-017-0788-x](https://doi.org/10.1007/s40279-017-0788-x)<br>PMID: 28933024 | Use only as passive rest countdown; **never** score density compression as strength progression. | Compressing rest forces rep drop-off and form breakdown, falsely penalizing strength. |",citation/identifier as embedded in report line,source-report text only,unassigned pending source check,UNVERIFIED—FULL TEXT REQUIRED,unclassified,not assessed,Conservative extraction row; retain no factual content unless a manual/source-locator row supports it.
A-CLAUSE-0734,Antigravity review,Question 7; L734,published finding,| **Movement Tempo / TUT** | **A** | Unreliable self-reporting; Trivial physiological effect ($p = 0.77$) across 0.5–8.0s | [DOI: 10.1007/s40279-015-0304-0](https://doi.org/10.1007/s40279-015-0304-0)<br>PMID: 25601394 | **Do not track**. Allow self-selected controlled tempo. | High logging friction leads to app abandonment; artificially slows cadence. |,citation/identifier as embedded in report line,source-report text only,unassigned pending source check,UNVERIFIED—FULL TEXT REQUIRED,unclassified,not assessed,Conservative extraction row; retain no factual content unless a manual/source-locator row supports it.
A-CLAUSE-0735,Antigravity review,Question 7; L735,published finding,"| **Self-Reported RIR Accuracy** | **B-** | Continuous RIR error $\pm 1.2$–$2.5$ reps; binary thresholding (RPE $\ge 8$) is robust | [DOI: 10.1007/s40279-021-01559-x](https://doi.org/10.1007/s40279-021-01559-x)<br>PMID: 34542869 | Use binary or 3-tier RIR buttons (""Hard Set: 0–2 RIR"", ""Moderate: 3–4 RIR"", ""Easy: >4 RIR""). | Continuous sliders generate noisy, uncalibrated data that corrupts volume metrics. |",citation/identifier as embedded in report line,source-report text only,unassigned pending source check,UNVERIFIED—FULL TEXT REQUIRED,unclassified,not assessed,Conservative extraction row; retain no factual content unless a manual/source-locator row supports it.
A-CLAUSE-0736,Antigravity review,Question 7; L736,published finding,"| **Velocity / Form Proxy Without Sensors** | **B-** | Subjective velocity/technique estimates have poor agreement with linear transducers ($R^2 < 0.30$) | [DOI: 10.1519/SSC.0000000000000560](https://doi.org/10.1519/SSC.0000000000000560) | Do not attempt velocity-based calculations without hardware sensors. | Users record fabricated velocity/form values, generating meaningless progress curves. |",citation/identifier as embedded in report line,source-report text only,unassigned pending source check,UNVERIFIED—FULL TEXT REQUIRED,unclassified,not assessed,Conservative extraction row; retain no factual content unless a manual/source-locator row supports it.
A-CLAUSE-0737,Antigravity review,Question 7; L737,published finding,"| **Categorical Set Counts** | **A** | High reliability; strong correlation with hypertrophy ($R^2 = 0.68$) | [DOI: 10.1519/JSC.0000000000002776](https://doi.org/10.1519/JSC.0000000000002776)<br>PMID: 30063555 | Track weekly count of completed Hard Sets per muscle group. | App substitutes complex unvalidated formulas for simple, robust set counting. |",citation/identifier as embedded in report line,source-report text only,unassigned pending source check,UNVERIFIED—FULL TEXT REQUIRED,unclassified,not assessed,Conservative extraction row; retain no factual content unless a manual/source-locator row supports it.
A-CLAUSE-0744,Antigravity review,Question 7; L744,inference/system fact,"1. **Tracking weekly volume exclusively via the number of completed ""Hard Sets""** (sets verified at RPE $\ge 8$ / RIR $\le 2$).",citation/identifier as embedded in report line,source-report text only,unassigned pending source check,UNVERIFIED—FULL TEXT REQUIRED,unclassified,not assessed,Conservative extraction row; retain no factual content unless a manual/source-locator row supports it.
A-CLAUSE-0745,Antigravity review,Question 7; L745,inference/system fact,"2. **Tracking non-load strength progression exclusively through discrete, categorical exercise leverage tiers** (e.g., progression from Knee Push-Up $\rightarrow$ Standard Push-Up $\rightarrow$ Feet-Elevated Push-Up).",citation/identifier as embedded in report line,source-report text only,unassigned pending source check,UNVERIFIED—FULL TEXT REQUIRED,unclassified,not assessed,Conservative extraction row; retain no factual content unless a manual/source-locator row supports it.
A-CLAUSE-0746,Antigravity review,Question 7; L746,inference/system fact,3. **Tracking repetitions to technical failure at a fixed biomechanical leverage.**,citation/identifier as embedded in report line,source-report text only,unassigned pending source check,UNVERIFIED—FULL TEXT REQUIRED,unclassified,not assessed,Conservative extraction row; retain no factual content unless a manual/source-locator row supports it.
A-CLAUSE-0747,Antigravity review,Question 7; L747,inference/system fact,"4. **Providing a passive rest timer to ensure minimum recovery intervals ($\ge 2$ min for heavy compound lifts, $\ge 60-90\text{s}$ for accessories).**",citation/identifier as embedded in report line,source-report text only,unassigned pending source check,UNVERIFIED—FULL TEXT REQUIRED,unclassified,not assessed,Conservative extraction row; retain no factual content unless a manual/source-locator row supports it.
A-CLAUSE-0750,Antigravity review,Question 7; L750,inference/system fact,"1. **Designing or calculating a composite ""density progression score"" that rewards decreasing rest intervals.**",citation/identifier as embedded in report line,source-report text only,unassigned pending source check,UNVERIFIED—FULL TEXT REQUIRED,unclassified,not assessed,Conservative extraction row; retain no factual content unless a manual/source-locator row supports it.
A-CLAUSE-0751,Antigravity review,Question 7; L751,inference/system fact,2. **Requiring users to log continuous repetition tempo cadences or Time Under Tension.**,citation/identifier as embedded in report line,source-report text only,unassigned pending source check,UNVERIFIED—FULL TEXT REQUIRED,unclassified,not assessed,Conservative extraction row; retain no factual content unless a manual/source-locator row supports it.
A-CLAUSE-0752,Antigravity review,Question 7; L752,inference/system fact,3. **Using continuous numerical sliders for user-estimated Range of Motion percentages.**,citation/identifier as embedded in report line,source-report text only,unassigned pending source check,UNVERIFIED—FULL TEXT REQUIRED,unclassified,not assessed,Conservative extraction row; retain no factual content unless a manual/source-locator row supports it.
A-CLAUSE-0753,Antigravity review,Question 7; L753,inference/system fact,4. **Using subjective form quality ratings as algorithmic multipliers in strength progression calculations.**,citation/identifier as embedded in report line,source-report text only,unassigned pending source check,UNVERIFIED—FULL TEXT REQUIRED,unclassified,not assessed,Conservative extraction row; retain no factual content unless a manual/source-locator row supports it.
A-CLAUSE-0761,Antigravity review,Question 8; L761,inference/system fact,"- **Descriptive Metric:** A mathematical representation summarizing historical performance (e.g., ""Over the past 6 weeks, your median 5-rep load increased by 3%"").",citation/identifier as embedded in report line,source-report text only,unassigned pending source check,UNVERIFIED—FULL TEXT REQUIRED,unclassified,not assessed,Conservative extraction row; retain no factual content unless a manual/source-locator row supports it.
A-CLAUSE-0762,Antigravity review,Question 8; L762,inference/system fact,"- **Prescriptive Metric:** An automated output that dictates upcoming training loads or repetition targets (e.g., ""Today you must lift 102.5 kg for 8 reps based on your last logged RPE"").",citation/identifier as embedded in report line,source-report text only,unassigned pending source check,UNVERIFIED—FULL TEXT REQUIRED,unclassified,not assessed,Conservative extraction row; retain no factual content unless a manual/source-locator row supports it.
A-CLAUSE-0765,Antigravity review,Question 8; L765,inference/system fact,"In an offline, unsupervised mobile application, **progression metrics must remain strictly descriptive and must NEVER automatically drive prescription.** Automating prescription from unsupervised user inputs creates runaway compounding error loops:",citation/identifier as embedded in report line,source-report text only,unassigned pending source check,UNVERIFIED—FULL TEXT REQUIRED,unclassified,not assessed,Conservative extraction row; retain no factual content unless a manual/source-locator row supports it.
A-CLAUSE-0768,Antigravity review,Question 8; L768,inference/system fact,Runaway Compounding Error Loop in Automated App Prescription:,citation/identifier as embedded in report line,source-report text only,unassigned pending source check,UNVERIFIED—FULL TEXT REQUIRED,unclassified,not assessed,Conservative extraction row; retain no factual content unless a manual/source-locator row supports it.
A-CLAUSE-0769,Antigravity review,Question 8; L769,inference/system fact,User Misjudges RIR (e.g. logs RIR 1 instead of 4),citation/identifier as embedded in report line,source-report text only,unassigned pending source check,UNVERIFIED—FULL TEXT REQUIRED,unclassified,not assessed,Conservative extraction row; retain no factual content unless a manual/source-locator row supports it.
A-CLAUSE-0770,Antigravity review,Question 8; L770,inference/system fact,──> App Overestimates e1RM by +12%,citation/identifier as embedded in report line,source-report text only,unassigned pending source check,UNVERIFIED—FULL TEXT REQUIRED,unclassified,not assessed,Conservative extraction row; retain no factual content unless a manual/source-locator row supports it.
A-CLAUSE-0771,Antigravity review,Question 8; L771,inference/system fact,──> App Prescribes Excessive Weight Next Session,citation/identifier as embedded in report line,source-report text only,unassigned pending source check,UNVERIFIED—FULL TEXT REQUIRED,unclassified,not assessed,Conservative extraction row; retain no factual content unless a manual/source-locator row supports it.
A-CLAUSE-0772,Antigravity review,Question 8; L772,inference/system fact,──> Form Breaks Down / Acute Overload / High Injury Risk / Failed Set,citation/identifier as embedded in report line,source-report text only,unassigned pending source check,UNVERIFIED—FULL TEXT REQUIRED,unclassified,not assessed,Conservative extraction row; retain no factual content unless a manual/source-locator row supports it.
A-CLAUSE-0780,Antigravity review,Question 8; L780,inference/system fact,+------------------------------------------------------------------------------------+,citation/identifier as embedded in report line,source-report text only,unassigned pending source check,UNVERIFIED—FULL TEXT REQUIRED,unclassified,not assessed,Conservative extraction row; retain no factual content unless a manual/source-locator row supports it.
A-CLAUSE-0781,Antigravity review,Question 8; L781,inference/system fact,|                        AUTOREGULATION FAILURE MODES SUMMARY                        |,citation/identifier as embedded in report line,source-report text only,unassigned pending source check,UNVERIFIED—FULL TEXT REQUIRED,unclassified,not assessed,Conservative extraction row; retain no factual content unless a manual/source-locator row supports it.
A-CLAUSE-0782,Antigravity review,Question 8; L782,inference/system fact,+------------------------------------------------------------------------------------+,citation/identifier as embedded in report line,source-report text only,unassigned pending source check,UNVERIFIED—FULL TEXT REQUIRED,unclassified,not assessed,Conservative extraction row; retain no factual content unless a manual/source-locator row supports it.
A-CLAUSE-0783,Antigravity review,Question 8; L783,inference/system fact,| METHOD                 | PRIMARY FAILURE MECHANISM        | METROLOGICAL IMPACT    |,citation/identifier as embedded in report line,source-report text only,unassigned pending source check,UNVERIFIED—FULL TEXT REQUIRED,unclassified,not assessed,Conservative extraction row; retain no factual content unless a manual/source-locator row supports it.
A-CLAUSE-0784,Antigravity review,Question 8; L784,inference/system fact,+------------------------------------------------------------------------------------+,citation/identifier as embedded in report line,source-report text only,unassigned pending source check,UNVERIFIED—FULL TEXT REQUIRED,unclassified,not assessed,Conservative extraction row; retain no factual content unless a manual/source-locator row supports it.
A-CLAUSE-0785,Antigravity review,Question 8; L785,inference/system fact,| RIR / RPE              | Inaccurate proximity judgment;   | Mean error ±1-3 reps;  |,citation/identifier as embedded in report line,source-report text only,unassigned pending source check,UNVERIFIED—FULL TEXT REQUIRED,unclassified,not assessed,Conservative extraction row; retain no factual content unless a manual/source-locator row supports it.
A-CLAUSE-0786,Antigravity review,Question 8; L786,inference/system fact,|                        | Anchoring; Discomfort confusion  | e1RM error ±8-15%      |,citation/identifier as embedded in report line,source-report text only,unassigned pending source check,UNVERIFIED—FULL TEXT REQUIRED,unclassified,not assessed,Conservative extraction row; retain no factual content unless a manual/source-locator row supports it.
A-CLAUSE-0787,Antigravity review,Question 8; L787,inference/system fact,| Velocity-Based (VBT)   | Sensor error; Camera drift;      | CV >8-15%; erratic     |,citation/identifier as embedded in report line,source-report text only,unassigned pending source check,UNVERIFIED—FULL TEXT REQUIRED,unclassified,not assessed,Conservative extraction row; retain no factual content unless a manual/source-locator row supports it.
A-CLAUSE-0788,Antigravity review,Question 8; L788,inference/system fact,|                        | Intent/technique cheating        | daily load swings      |,citation/identifier as embedded in report line,source-report text only,unassigned pending source check,UNVERIFIED—FULL TEXT REQUIRED,unclassified,not assessed,Conservative extraction row; retain no factual content unless a manual/source-locator row supports it.
A-CLAUSE-0789,Antigravity review,Question 8; L789,inference/system fact,| Percentage-Based (PBT) | Daily biological fluctuation;    | Fixed load becomes     |,citation/identifier as embedded in report line,source-report text only,unassigned pending source check,UNVERIFIED—FULL TEXT REQUIRED,unclassified,not assessed,Conservative extraction row; retain no factual content unless a manual/source-locator row supports it.
A-CLAUSE-0790,Antigravity review,Question 8; L790,inference/system fact,|                        | Diurnal/sleep baseline shifts    | 95% on fatigued days   |,citation/identifier as embedded in report line,source-report text only,unassigned pending source check,UNVERIFIED—FULL TEXT REQUIRED,unclassified,not assessed,Conservative extraction row; retain no factual content unless a manual/source-locator row supports it.
A-CLAUSE-0791,Antigravity review,Question 8; L791,inference/system fact,+------------------------------------------------------------------------------------+,citation/identifier as embedded in report line,source-report text only,unassigned pending source check,UNVERIFIED—FULL TEXT REQUIRED,unclassified,not assessed,Conservative extraction row; retain no factual content unless a manual/source-locator row supports it.
A-CLAUSE-0795,Antigravity review,Question 8; L795,published finding,"- **Meta-Analysis on RIR Inaccuracy:** Halperin et al. (2022) [Tier A; PMID: 34542869, DOI: 10.1007/s40279-021-01559-x]: Lifters systematically underpredict repetitions to failure (mean error $0.95$ reps, expanding to $\pm 2.5-3.5$ reps at $4-5$ RIR).",citation/identifier as embedded in report line,source-report text only,unassigned pending source check,UNVERIFIED—FULL TEXT REQUIRED,unclassified,not assessed,Conservative extraction row; retain no factual content unless a manual/source-locator row supports it.
A-CLAUSE-0796,Antigravity review,Question 8; L796,published finding,"- **Discomfort vs Failure Conflation:** Armes et al. (2020) [Tier B−; PMID: 33424678, DOI: 10.3389/fpsyg.2020.565416]: Lifters terminate sets 3 to 6 reps short of true momentary muscular failure when asked at submaximal thresholds, confusing metabolic burn with muscular failure.",citation/identifier as embedded in report line,source-report text only,unassigned pending source check,UNVERIFIED—FULL TEXT REQUIRED,unclassified,not assessed,Conservative extraction row; retain no factual content unless a manual/source-locator row supports it.
A-CLAUSE-0797,Antigravity review,Question 8; L797,published finding,"- **Anchoring Bias:** Mansfield et al. (2020) [Tier B; PMID: 32881842, DOI: 10.1519/JSC.0000000000003779]: When lifters know the load on the bar, their RIR rating anchors on expectations rather than actual somatic fatigue.",citation/identifier as embedded in report line,source-report text only,unassigned pending source check,UNVERIFIED—FULL TEXT REQUIRED,unclassified,not assessed,Conservative extraction row; retain no factual content unless a manual/source-locator row supports it.
A-CLAUSE-0798,Antigravity review,Question 8; L798,published finding,"- **Intraset RIR Accuracy in Free Weights:** Refalo et al. (2024) [Tier B; PMID: 37967832, DOI: 10.1519/JSC.0000000000004653] & Hughes et al. (2020) [Tier B; PMID: 33337690, DOI: 10.1519/JSC.0000000000003865]: Intraset RIR predictions display error bounds of $\pm 1.5-2.5$ reps, worse on multi-joint lower body lifts.",citation/identifier as embedded in report line,source-report text only,unassigned pending source check,UNVERIFIED—FULL TEXT REQUIRED,unclassified,not assessed,Conservative extraction row; retain no factual content unless a manual/source-locator row supports it.
A-CLAUSE-0799,Antigravity review,Question 8; L799,published finding,"- **Divergent Adaptations from Submaximal Set-Termination:** Vasconcelos et al. (2026) [Tier B; PMID: 42617172, DOI: 10.1519/JSC.0000000000005494]: Small errors in RIR set-termination strategy significantly alter neuromuscular fatigue and downstream adaptations.",citation/identifier as embedded in report line,source-report text only,unassigned pending source check,UNVERIFIED—FULL TEXT REQUIRED,unclassified,not assessed,Conservative extraction row; retain no factual content unless a manual/source-locator row supports it.
A-CLAUSE-0802,Antigravity review,Question 8; L802,published finding,"- **Laboratory Equivalence vs Sensorless Chaos:** Autoregulated VBT produces equivalent 1RM strength gains to percentage-based training ($MD = 2.07\text{ kg}$, $p = 0.09$) in controlled laboratory settings with linear position transducers [Tier A; Hickmott et al. 2022, PMID: 35038063, DOI: 10.1186/s40798-021-00404-9].",citation/identifier as embedded in report line,source-report text only,unassigned pending source check,UNVERIFIED—FULL TEXT REQUIRED,unclassified,not assessed,Conservative extraction row; retain no factual content unless a manual/source-locator row supports it.
A-CLAUSE-0803,Antigravity review,Question 8; L803,published finding,"- **Sensorless Hardware Constraints:** Weakley et al. (2021) [Tier B−; PMID: 33475985, DOI: 10.1007/s40279-020-01382-w]: Without linear position transducers (e.g., using smartphone optical video or internal IMUs), motion artifacts, parallax, and frame rate drift introduce velocity errors $>0.10-0.15\text{ m/s}$ ($CV > 10-15\%$), destroying the reliability of velocity-loss thresholds [Tier B−; Hickmott et al. 2025, PMID: 39864040, DOI: 10.1007/s00421-025-05709-1].",citation/identifier as embedded in report line,source-report text only,unassigned pending source check,UNVERIFIED—FULL TEXT REQUIRED,unclassified,not assessed,Conservative extraction row; retain no factual content unless a manual/source-locator row supports it.
A-CLAUSE-0806,Antigravity review,Question 8; L806,inference/system fact,"- PBT prescribes fixed loads based on historical 1RM (e.g., $80\%\text{ of } 100\text{ kg} = 80\text{ kg}$).",citation/identifier as embedded in report line,source-report text only,unassigned pending source check,UNVERIFIED—FULL TEXT REQUIRED,unclassified,not assessed,Conservative extraction row; retain no factual content unless a manual/source-locator row supports it.
A-CLAUSE-0807,Antigravity review,Question 8; L807,inference/system fact,"- Because daily 1RM capacity fluctuates by $\pm 5-10\%$ due to circadian rhythm and sleep (Grgic et al. 2020; Chtourou & Souissi 2012), on a fatigued day when true capacity is $92\text{ kg}$, lifting $80\text{ kg}$ represents **$87\%\text{ of actual 1RM}$**, pushing the user into unintentional failure and excessive fatigue.",citation/identifier as embedded in report line,source-report text only,unassigned pending source check,UNVERIFIED—FULL TEXT REQUIRED,unclassified,not assessed,Conservative extraction row; retain no factual content unless a manual/source-locator row supports it.
A-CLAUSE-0814,Antigravity review,Question 8; L814,inference/system fact,"1. **Retrospective descriptive summaries** (e.g., ""Over the past month, your 8-rep working sets have trended from 80 kg to 85 kg"").",citation/identifier as embedded in report line,source-report text only,unassigned pending source check,UNVERIFIED—FULL TEXT REQUIRED,unclassified,not assessed,Conservative extraction row; retain no factual content unless a manual/source-locator row supports it.
A-CLAUSE-0815,Antigravity review,Question 8; L815,inference/system fact,"2. **User-controlled loading with RIR guidance as a subjective reference target** (e.g., ""Target: 3 sets of 6–8 reps, leaving ~2 reps in reserve"") while leaving final weight selection entirely in the user's manual control.",citation/identifier as embedded in report line,source-report text only,unassigned pending source check,UNVERIFIED—FULL TEXT REQUIRED,unclassified,not assessed,Conservative extraction row; retain no factual content unless a manual/source-locator row supports it.
A-CLAUSE-0816,Antigravity review,Question 8; L816,inference/system fact,"3. **Subjective qualitative check-ins** (e.g., ""How is your energy today?"") to prompt the user to manually adjust expectations without algorithmic prescription.",citation/identifier as embedded in report line,source-report text only,unassigned pending source check,UNVERIFIED—FULL TEXT REQUIRED,unclassified,not assessed,Conservative extraction row; retain no factual content unless a manual/source-locator row supports it.
A-CLAUSE-0819,Antigravity review,Question 8; L819,inference/system fact,1. **Automated load prescription driven by app metrics** (auto-calculating and enforcing next-session weights or repetitions).,citation/identifier as embedded in report line,source-report text only,unassigned pending source check,UNVERIFIED—FULL TEXT REQUIRED,unclassified,not assessed,Conservative extraction row; retain no factual content unless a manual/source-locator row supports it.
A-CLAUSE-0820,Antigravity review,Question 8; L820,inference/system fact,2. **Real-time intraset velocity or RIR enforcement without calibrated hardware transducers.**,citation/identifier as embedded in report line,source-report text only,unassigned pending source check,UNVERIFIED—FULL TEXT REQUIRED,unclassified,not assessed,Conservative extraction row; retain no factual content unless a manual/source-locator row supports it.
A-CLAUSE-0821,Antigravity review,Question 8; L821,inference/system fact,3. **Rigid percentage-based lock-in without user override.**,citation/identifier as embedded in report line,source-report text only,unassigned pending source check,UNVERIFIED—FULL TEXT REQUIRED,unclassified,not assessed,Conservative extraction row; retain no factual content unless a manual/source-locator row supports it.
A-CLAUSE-0829,Antigravity review,Question 8; L829,inference/system fact,- **Total Distinct Factual Claims Evaluated & Tiered:** 99,citation/identifier as embedded in report line,source-report text only,unassigned pending source check,UNVERIFIED—FULL TEXT REQUIRED,unclassified,not assessed,Conservative extraction row; retain no factual content unless a manual/source-locator row supports it.
A-CLAUSE-0830,Antigravity review,Question 8; L830,published finding,- **Total Unique Primary Reference Citations in Bibliography:** 97 (encompassing 90 unique verified DOIs and 79 unique verified PMIDs),citation/identifier as embedded in report line,source-report text only,unassigned pending source check,UNVERIFIED—FULL TEXT REQUIRED,unclassified,not assessed,Conservative extraction row; retain no factual content unless a manual/source-locator row supports it.
A-CLAUSE-0831,Antigravity review,Question 8; L831,inference/system fact,- **Ratio of Tiered Claims to Unique Citations:** 1.02 (Every factual claim is directly supported by verified peer-reviewed literature).,citation/identifier as embedded in report line,source-report text only,unassigned pending source check,UNVERIFIED—FULL TEXT REQUIRED,unclassified,not assessed,Conservative extraction row; retain no factual content unless a manual/source-locator row supports it.
A-CLAUSE-0832,Antigravity review,Question 8; L832,published finding,"- **Citation Coverage:** 100% of all factual empirical, biomechanical, and psychometric claims are supported by explicit, verified DOIs and/or PMIDs. Zero claims are unsupported or labeled as unverified lore.",citation/identifier as embedded in report line,source-report text only,unassigned pending source check,UNVERIFIED—FULL TEXT REQUIRED,unclassified,not assessed,Conservative extraction row; retain no factual content unless a manual/source-locator row supports it.
A-CLAUSE-0838,Antigravity review,Question 8; L838,inference/system fact,1. **Exact Mathematical Form of True 1RM at $>15$ Repetitions:**,citation/identifier as embedded in report line,source-report text only,unassigned pending source check,UNVERIFIED—FULL TEXT REQUIRED,unclassified,not assessed,Conservative extraction row; retain no factual content unless a manual/source-locator row supports it.
A-CLAUSE-0839,Antigravity review,Question 8; L839,inference/system fact,"*Scientific Reason:* Performance at $>15$ repetitions is dominated by metabolic buffering kinetics, muscle fiber type composition, and individual pain tolerance, which vary so widely across individuals that no closed-form mathematical equation can map high-rep failure to 1RM force without direct individual metabolic profiling.",citation/identifier as embedded in report line,source-report text only,unassigned pending source check,UNVERIFIED—FULL TEXT REQUIRED,unclassified,not assessed,Conservative extraction row; retain no factual content unless a manual/source-locator row supports it.
A-CLAUSE-0840,Antigravity review,Question 8; L840,inference/system fact,2. **Unsupervised Consumer App RPE Calibration Distribution:**,citation/identifier as embedded in report line,source-report text only,unassigned pending source check,UNVERIFIED—FULL TEXT REQUIRED,unclassified,not assessed,Conservative extraction row; retain no factual content unless a manual/source-locator row supports it.
A-CLAUSE-0841,Antigravity review,Question 8; L841,inference/system fact,"*Scientific Reason:* All published RPE/RIR validation studies were conducted in supervised university research laboratories or supervised athletic facilities. No published randomized trial has quantified the exact error distribution of RIR ratings submitted by solitary, unobserved smartphone app users in commercial or home gyms without spotters.",citation/identifier as embedded in report line,source-report text only,unassigned pending source check,UNVERIFIED—FULL TEXT REQUIRED,unclassified,not assessed,Conservative extraction row; retain no factual content unless a manual/source-locator row supports it.
A-CLAUSE-0842,Antigravity review,Question 8; L842,inference/system fact,3. **Mathematical Transfer Function Between Calisthenic Leverages and Barbell Loads Across Heterogeneous Anthropometries:**,citation/identifier as embedded in report line,source-report text only,unassigned pending source check,UNVERIFIED—FULL TEXT REQUIRED,unclassified,not assessed,Conservative extraction row; retain no factual content unless a manual/source-locator row supports it.
A-CLAUSE-0843,Antigravity review,Question 8; L843,inference/system fact,"*Scientific Reason:* While average ground reaction force percentages are validated (e.g., 64% BW for standard push-ups), individual anthropometric ratios (segment lengths, limb-to-torso proportions, mass distribution) create up to $\pm 15\%$ variance in joint torque between individuals of identical body weight. No universal scalar formula can convert bodyweight leverage progressions to exact barbell 1RM equivalents.",citation/identifier as embedded in report line,source-report text only,unassigned pending source check,UNVERIFIED—FULL TEXT REQUIRED,unclassified,not assessed,Conservative extraction row; retain no factual content unless a manual/source-locator row supports it.
A-CLAUSE-0844,Antigravity review,Question 8; L844,inference/system fact,4. **Quantitative Rate of Force Development (RFD) Progression in Mobile Unsupervised Isometrics:**,citation/identifier as embedded in report line,source-report text only,unassigned pending source check,UNVERIFIED—FULL TEXT REQUIRED,unclassified,not assessed,Conservative extraction row; retain no factual content unless a manual/source-locator row supports it.
A-CLAUSE-0845,Antigravity review,Question 8; L845,inference/system fact,"*Scientific Reason:* Measuring early RFD (<100ms) requires force plates or strain gauges with sampling frequencies $\ge 1,000\text{ Hz}$. It is physically impossible to measure RFD on an unsupervised smartphone without dedicated peripheral hardware.",citation/identifier as embedded in report line,source-report text only,unassigned pending source check,UNVERIFIED—FULL TEXT REQUIRED,unclassified,not assessed,Conservative extraction row; retain no factual content unless a manual/source-locator row supports it.
A-CLAUSE-0846,Antigravity review,Question 8; L846,inference/system fact,5. **Universal Mathematical Weighting for Multi-Exercise Progression:**,citation/identifier as embedded in report line,source-report text only,unassigned pending source check,UNVERIFIED—FULL TEXT REQUIRED,unclassified,not assessed,Conservative extraction row; retain no factual content unless a manual/source-locator row supports it.
A-CLAUSE-0847,Antigravity review,Question 8; L847,inference/system fact,"*Scientific Reason:* Adaptation dynamics, active muscle mass, and joint moment arms differ fundamentally across biomechanical structures; any composite index combining disparate exercises into a single score is an arbitrary product heuristic, not a valid physiological measurement.",citation/identifier as embedded in report line,source-report text only,unassigned pending source check,UNVERIFIED—FULL TEXT REQUIRED,unclassified,not assessed,Conservative extraction row; retain no factual content unless a manual/source-locator row supports it.
A-CLAUSE-0853,Antigravity review,Question 8; L853,design proposal,| Mistakable Recommendation / Conventional Practice | Evidence Tier | Population Studied | Why It Fails in Unsupervised Mobile Apps |,citation/identifier as embedded in report line,source-report text only,unassigned pending source check,UNSUPPORTED,unclassified,not assessed,Conservative extraction row; retain no factual content unless a manual/source-locator row supports it.
A-CLAUSE-0854,Antigravity review,Question 8; L854,inference/system fact,| :--- | :---: | :--- | :--- |,citation/identifier as embedded in report line,source-report text only,unassigned pending source check,UNVERIFIED—FULL TEXT REQUIRED,unclassified,not assessed,Conservative extraction row; retain no factual content unless a manual/source-locator row supports it.
A-CLAUSE-0855,Antigravity review,Question 8; L855,published finding,| **Using Volume-Load (Tonnage) as a progression metric** | **Tier D / E** | Resistance-trained lifters | Ignores load-intensity non-equivalence; inflates low-load sets; conflates work with strength. |,citation/identifier as embedded in report line,source-report text only,unassigned pending source check,UNVERIFIED—FULL TEXT REQUIRED,unclassified,not assessed,Conservative extraction row; retain no factual content unless a manual/source-locator row supports it.
A-CLAUSE-0856,Antigravity review,Question 8; L856,published finding,| **Calculating e1RM on sets of 8–15+ repetitions** | **Tier B−** (Disproven) | Resistance-trained adults | Standard Error of Estimate exceeds $10-20\%$; reflects local muscular endurance rather than 1RM. |,citation/identifier as embedded in report line,source-report text only,unassigned pending source check,UNVERIFIED—FULL TEXT REQUIRED,unclassified,not assessed,Conservative extraction row; retain no factual content unless a manual/source-locator row supports it.
A-CLAUSE-0857,Antigravity review,Question 8; L857,published finding,| **Using self-reported RIR at $>3$ reps from failure** | **Tier A** (Disproven) | Trained & untrained | Lifters systematically underpredict remaining reps by $2-5$ reps; noise overwhelms signal. |,citation/identifier as embedded in report line,source-report text only,unassigned pending source check,UNVERIFIED—FULL TEXT REQUIRED,unclassified,not assessed,Conservative extraction row; retain no factual content unless a manual/source-locator row supports it.
A-CLAUSE-0858,Antigravity review,Question 8; L858,derived calculation,| **Treating session-to-session e1RM changes (<10%) as progress** | **Tier B−** (Disproven) | Resistance-trained adults | Falls entirely within single-session $\text{MDC}_{95}$ ($\approx 12-25\%$); chases random noise. |,citation/identifier as embedded in report line,source-report text only,unassigned pending source check,AUDITOR-DERIVED—NOT PUBLISHED,unclassified,not assessed,Conservative extraction row; retain no factual content unless a manual/source-locator row supports it.
A-CLAUSE-0859,Antigravity review,Question 8; L859,published finding,| **Applying Epley formula across upper & lower body equally** | **Tier B−** (Disproven) | College athletes & lifters | Epley underestimates squat/deadlift by $5-9\%$ while fitting bench press closely. |,citation/identifier as embedded in report line,source-report text only,unassigned pending source check,UNVERIFIED—FULL TEXT REQUIRED,unclassified,not assessed,Conservative extraction row; retain no factual content unless a manual/source-locator row supports it.
A-CLAUSE-0860,Antigravity review,Question 8; L860,published finding,"| **""Density training"" (shortening rest intervals) for strength** | **Tier A** (Disproven) | Resistance-trained adults | Short rest impairs neuromuscular recovery, forces rep drop-off, and blunts maximal strength. |",citation/identifier as embedded in report line,source-report text only,unassigned pending source check,UNVERIFIED—FULL TEXT REQUIRED,unclassified,not assessed,Conservative extraction row; retain no factual content unless a manual/source-locator row supports it.
A-CLAUSE-0861,Antigravity review,Question 8; L861,published finding,"| **""Super-slow"" tempo cadences (>10s/rep) for hypertrophy** | **Tier A** (Disproven) | Recreationally trained adults | Drastically reduces force output and motor unit recruitment, producing inferior growth. |",citation/identifier as embedded in report line,source-report text only,unassigned pending source check,UNVERIFIED—FULL TEXT REQUIRED,unclassified,not assessed,Conservative extraction row; retain no factual content unless a manual/source-locator row supports it.
A-CLAUSE-0862,Antigravity review,Question 8; L862,published finding,"| **Continuous numerical sliders for user-reported ROM depth** | **Tier B−** (Disproven) | Resistance lifters | Lifters exhibit severe observer drift, cutting depth by $10-25\%$ under fatigue. |",citation/identifier as embedded in report line,source-report text only,unassigned pending source check,UNVERIFIED—FULL TEXT REQUIRED,unclassified,not assessed,Conservative extraction row; retain no factual content unless a manual/source-locator row supports it.
A-CLAUSE-0863,Antigravity review,Question 8; L863,published finding,| **Autoregulating next set load automatically via entered RPE** | **Tier A** (Disproven) | 414 resistance lifters | RIR prediction error ($\pm 1-3$ reps) triggers runaway compounding load spirals. |,citation/identifier as embedded in report line,source-report text only,unassigned pending source check,UNVERIFIED—FULL TEXT REQUIRED,unclassified,not assessed,Conservative extraction row; retain no factual content unless a manual/source-locator row supports it.
A-CLAUSE-0864,Antigravity review,Question 8; L864,published finding,"| **Gamifying daily PR streaks with badges and points** | **Tier B−** (Disproven) | Tracking cohorts | Converts intrinsic motivation into extrinsic anxiety, driving ego lifting and 30-day attrition. |",citation/identifier as embedded in report line,source-report text only,unassigned pending source check,UNVERIFIED—FULL TEXT REQUIRED,unclassified,not assessed,Conservative extraction row; retain no factual content unless a manual/source-locator row supports it.
A-CLAUSE-0870,Antigravity review,Question 8; L870,published finding,"1. **Vasconcelos, B. B., et al. (Published August 19, 2026)**. ""Comparative Adaptations to Different Leg Extension Set-termination Strategies in Trained Men and Women: A Unilateral Within-Participant Study."" *Journal of Strength and Conditioning Research*. [PMID: 42617172](https://pubmed.ncbi.nlm.nih.gov/42617172/), [DOI: 10.1519/JSC.0000000000005494](https://doi.org/10.1519/JSC.0000000000005494). [Tier B]",citation/identifier as embedded in report line,source-report text only,unassigned pending source check,UNVERIFIED—FULL TEXT REQUIRED,unclassified,not assessed,Conservative extraction row; retain no factual content unless a manual/source-locator row supports it.
A-CLAUSE-0871,Antigravity review,Question 8; L871,inference/system fact,"*Contribution:* Demonstrates that minor shifts in subjective proximity to failure during set termination produce divergent neuromuscular fatigue and structural adaptations, highlighting the risks of uncalibrated RIR tracking.",citation/identifier as embedded in report line,source-report text only,unassigned pending source check,UNVERIFIED—FULL TEXT REQUIRED,unclassified,not assessed,Conservative extraction row; retain no factual content unless a manual/source-locator row supports it.
A-CLAUSE-0872,Antigravity review,Question 8; L872,published finding,"2. **Deboutte, J., Alcazar, J., Riesbeck, M., Walker, S., Delecluse, C., & Van Roie, E. (Published July 2026)**. ""Validity of the individualized load-velocity profile to predict one-repetition maximum on a pneumatic leg press device in adults aged 55–81 years."" *Experimental Gerontology*, 192:113174. [PMID: 42119794](https://pubmed.ncbi.nlm.nih.gov/42119794/), [DOI: 10.1016/j.exger.2026.113174](https://doi.org/10.1016/j.exger.2026.113174). [Tier B−]",citation/identifier as embedded in report line,source-report text only,unassigned pending source check,UNVERIFIED—FULL TEXT REQUIRED,unclassified,not assessed,Conservative extraction row; retain no factual content unless a manual/source-locator row supports it.
A-CLAUSE-0873,Antigravity review,Question 8; L873,inference/system fact,"*Contribution:* Confirms that generalized group equations exhibit systematic bias compared to individualized profiling, with lower-body multi-joint movements requiring strict velocity anchor points to prevent errors $>10\%$.",citation/identifier as embedded in report line,source-report text only,unassigned pending source check,UNVERIFIED—FULL TEXT REQUIRED,unclassified,not assessed,Conservative extraction row; retain no factual content unless a manual/source-locator row supports it.
A-CLAUSE-0874,Antigravity review,Question 8; L874,published finding,"3. **Rendeiro-Pinho, G., Sousa, A., Veloso, A. P., & Riscart-López, J. (Published July 13, 2026)**. ""Technique-Specific Load-Velocity Profiling and Prediction Equation for the Back Squat in Elite Portuguese Rugby Players."" *Sports*, 14(7):298. [PMID: 42506841](https://pubmed.ncbi.nlm.nih.gov/42506841/), [DOI: 10.3390/sports14070298](https://doi.org/10.3390/sports14070298). [Tier B−]",citation/identifier as embedded in report line,source-report text only,unassigned pending source check,UNVERIFIED—FULL TEXT REQUIRED,unclassified,not assessed,Conservative extraction row; retain no factual content unless a manual/source-locator row supports it.
A-CLAUSE-0875,Antigravity review,Question 8; L875,inference/system fact,"*Contribution:* Demonstrates that technical execution style and anthropometry alter the slope of 1RM prediction equations, rendering fixed universal formulas (like Epley) inaccurate for high-level athletes unless calibrated individually.",citation/identifier as embedded in report line,source-report text only,unassigned pending source check,UNVERIFIED—FULL TEXT REQUIRED,unclassified,not assessed,Conservative extraction row; retain no factual content unless a manual/source-locator row supports it.
A-CLAUSE-0876,Antigravity review,Question 8; L876,published finding,"4. **Hickmott, L. M., Bristol, A. R., Davidson, C. E., Chaudry, A., Ko, J., Butcher, S. J., & Chilibeck, P. D. (Published June 15, 2026)**. ""A Comparison of Fixed Percentage of One-Repetition Maximum, Rating of Perceived Exertion, and Last Repetition Velocity-Based Training Load Prescription on Muscular Adaptations in Older Adults."" *Journal of Strength and Conditioning Research*. [PMID: 42297625](https://pubmed.ncbi.nlm.nih.gov/42297625/), [DOI: 10.1519/jsc.0000000000005497](https://doi.org/10.1519/jsc.0000000000005497). [Tier B]",citation/identifier as embedded in report line,source-report text only,unassigned pending source check,UNVERIFIED—FULL TEXT REQUIRED,unclassified,not assessed,Conservative extraction row; retain no factual content unless a manual/source-locator row supports it.
A-CLAUSE-0877,Antigravity review,Question 8; L877,inference/system fact,"*Contribution:* Directly compares fixed percentage-based loading against subjective RPE and velocity-based autoregulation, demonstrating that unsupervised RPE prescription exhibits high intra-individual variance in realized load intensity and confirming why subjective autoregulation cannot safely drive automated app prescription.",citation/identifier as embedded in report line,source-report text only,unassigned pending source check,UNVERIFIED—FULL TEXT REQUIRED,unclassified,not assessed,Conservative extraction row; retain no factual content unless a manual/source-locator row supports it.
A-CLAUSE-0878,Antigravity review,Question 8; L878,published finding,"5. **Chen, W., Zhang, H., Li, R., Chen, Z., Zheng, J., Zhang, X., & Li, Z. (Published June 22, 2026)**. ""Velocity-Based Monitoring Lacks Both Accuracy and Applicability for Estimating Repetitions in Reserve During the Hexagonal Bar Deadlift."" *Journal of Strength and Conditioning Research*. [PMID: 42328880](https://pubmed.ncbi.nlm.nih.gov/42328880/), [DOI: 10.1519/jsc.0000000000005549](https://doi.org/10.1519/jsc.0000000000005549). [Tier B−]",citation/identifier as embedded in report line,source-report text only,unassigned pending source check,UNVERIFIED—FULL TEXT REQUIRED,unclassified,not assessed,Conservative extraction row; retain no factual content unless a manual/source-locator row supports it.
A-CLAUSE-0879,Antigravity review,Question 8; L879,inference/system fact,"*Contribution:* Establishes that concentric bar velocity lacks sufficient accuracy to estimate Repetitions in Reserve (RIR) during ground-based multi-joint compound lifts ($R^2 < 0.25$, typical error $>2.2$ reps), proving the failure mode of attempting sensorless or optical velocity-based proximity estimation in mobile applications.",citation/identifier as embedded in report line,source-report text only,unassigned pending source check,UNVERIFIED—FULL TEXT REQUIRED,unclassified,not assessed,Conservative extraction row; retain no factual content unless a manual/source-locator row supports it.
A-CLAUSE-0885,Antigravity review,Question 8; L885,inference/system fact,- **Identified Weakest Claim:** *The mathematical estimation that a 4-to-6 week (or 8-to-14 session) persistence window using Exponentially Weighted Moving Averages (EWMA) is sufficient to isolate true strength adaptation from noise across all unsupervised intermediate lifters.*,citation/identifier as embedded in report line,source-report text only,unassigned pending source check,UNVERIFIED—FULL TEXT REQUIRED,unclassified,not assessed,Conservative extraction row; retain no factual content unless a manual/source-locator row supports it.
A-CLAUSE-0886,Antigravity review,Question 8; L886,inference/system fact,- **Why It Is the Weakest Claim:**,citation/identifier as embedded in report line,source-report text only,unassigned pending source check,UNVERIFIED—FULL TEXT REQUIRED,unclassified,not assessed,Conservative extraction row; retain no factual content unless a manual/source-locator row supports it.
A-CLAUSE-0887,Antigravity review,Question 8; L887,derived calculation,"1. **Assumption of Independent and Identically Distributed (IID) Noise:** The statistical derivation ($\sigma_{\text{mean}} = \text{SEM} / \sqrt{n}$) assumes session-to-session measurement errors are uncorrelated, zero-mean Gaussian noise. In reality, human training noise is frequently **serially correlated** (e.g., a 2-week period of occupational stress, illness, travel, or sleep disruption causes sustained, non-random performance depression).",citation/identifier as embedded in report line,source-report text only,unassigned pending source check,AUDITOR-DERIVED—NOT PUBLISHED,unclassified,not assessed,Conservative extraction row; retain no factual content unless a manual/source-locator row supports it.
A-CLAUSE-0888,Antigravity review,Question 8; L888,inference/system fact,2. **Non-Linear Adaptation Trajectories:** Neuromuscular adaptation in resistance training does not progress linearly; it occurs in punctuated steps and plateau phases. A fixed mathematical window may lag behind rapid neural adaptations in re-training athletes or falsely smooth out a genuine overtraining slump.,citation/identifier as embedded in report line,source-report text only,unassigned pending source check,UNVERIFIED—FULL TEXT REQUIRED,unclassified,not assessed,Conservative extraction row; retain no factual content unless a manual/source-locator row supports it.
A-CLAUSE-0889,Antigravity review,Question 8; L889,inference/system fact,"3. **Lack of Field Validation in Sensorless Mobile Contexts:** While mathematically derived from Classical Test Theory (Hopkins 2000, Swinton 2018), this specific persistence window parameter has not been subjected to a prospective randomized trial testing app retention and strength progression against un-smoothed controls in a wild, unobserved mobile environment.",citation/identifier as embedded in report line,source-report text only,unassigned pending source check,UNVERIFIED—FULL TEXT REQUIRED,unclassified,not assessed,Conservative extraction row; retain no factual content unless a manual/source-locator row supports it.
H-CLAUSE-0002,Hermes review,Preamble; L2,inference/system fact,title: Progression Measurement Evidence Review,citation/identifier as embedded in report line,source-report text only,unassigned pending source check,UNVERIFIED—FULL TEXT REQUIRED,unclassified,not assessed,Conservative extraction row; retain no factual content unless a manual/source-locator row supports it.
H-CLAUSE-0003,Hermes review,Preamble; L3,inference/system fact,date: 2026-08-26,citation/identifier as embedded in report line,source-report text only,unassigned pending source check,UNVERIFIED—FULL TEXT REQUIRED,unclassified,not assessed,Conservative extraction row; retain no factual content unless a manual/source-locator row supports it.
H-CLAUSE-0004,Hermes review,Preamble; L4,inference/system fact,prepared_by: ox-alpha via Hermes,citation/identifier as embedded in report line,source-report text only,unassigned pending source check,UNVERIFIED—FULL TEXT REQUIRED,unclassified,not assessed,Conservative extraction row; retain no factual content unless a manual/source-locator row supports it.
H-CLAUSE-0005,Hermes review,Preamble; L5,research-gap statement,status: Evidence review only — no values or product decisions ratified,citation/identifier as embedded in report line,source-report text only,unassigned pending source check,GAP-NOT-ESTABLISHED,unclassified,not assessed,Conservative extraction row; retain no factual content unless a manual/source-locator row supports it.
H-CLAUSE-0006,Hermes review,Preamble; L6,inference/system fact,inputs:,citation/identifier as embedded in report line,source-report text only,unassigned pending source check,UNVERIFIED—FULL TEXT REQUIRED,unclassified,not assessed,Conservative extraction row; retain no factual content unless a manual/source-locator row supports it.
H-CLAUSE-0007,Hermes review,Preamble; L7,inference/system fact,- HANDOVER_20260826_RESEARCH_AGENT.txt,citation/identifier as embedded in report line,source-report text only,unassigned pending source check,UNVERIFIED—FULL TEXT REQUIRED,unclassified,not assessed,Conservative extraction row; retain no factual content unless a manual/source-locator row supports it.
H-CLAUSE-0008,Hermes review,Preamble; L8,inference/system fact,- HERMES_PROMPT_progression_measurement.txt,citation/identifier as embedded in report line,source-report text only,unassigned pending source check,UNVERIFIED—FULL TEXT REQUIRED,unclassified,not assessed,Conservative extraction row; retain no factual content unless a manual/source-locator row supports it.
H-CLAUSE-0009,Hermes review,Preamble; L9,inference/system fact,- HERMES_RESEARCH_BRIEF_progression_measurement.md,citation/identifier as embedded in report line,source-report text only,unassigned pending source check,UNVERIFIED—FULL TEXT REQUIRED,unclassified,not assessed,Conservative extraction row; retain no factual content unless a manual/source-locator row supports it.
H-CLAUSE-0016,Hermes review,Preamble; L16,published finding,"**Standard applied.** Every material external factual claim in this report carries an inline tier (A / B / B− / C / D / E per the brief) and a DOI or PMID that was verified against Crossref or the PubMed record on 2026-08-26. Identifiers were checked against the source's title and substance, not copied from search snippets. A claim is retained only if I read the cited source myself — abstract at minimum, more where noted. Where I could not read beyond an abstract, the ledger records exactly how much was read. One source (Graham & Cleather 2021, Q8-C03) is cited with a read limitation stated explicitly.",citation/identifier as embedded in report line,source-report text only,unassigned pending source check,UNVERIFIED—FULL TEXT REQUIRED,unclassified,not assessed,Conservative extraction row; retain no factual content unless a manual/source-locator row supports it.
H-CLAUSE-0018,Hermes review,Preamble; L18,inference/system fact,"**Direct versus indirect transfer.** A finding transfers to this app only if its population and operating conditions match: unsupervised, unobserved technique, optional self-reported RPE, no velocity hardware, unknown audience. Almost nothing in the literature was produced under those conditions. Throughout, findings are graded *direct*, *limited*, or *unsupported* for this setting, and the grading errs toward ""limited"".",citation/identifier as embedded in report line,source-report text only,unassigned pending source check,UNVERIFIED—FULL TEXT REQUIRED,unclassified,not assessed,Conservative extraction row; retain no factual content unless a manual/source-locator row supports it.
H-CLAUSE-0020,Hermes review,Preamble; L20,inference/system fact,"**Counting method.** The Claim audit section counts discrete external factual assertions (one row each), not paragraphs. Internal restatements of the app's own specification are not counted as external claims. Claims about what was searched but not found are labelled as gaps, not claims.",citation/identifier as embedded in report line,source-report text only,unassigned pending source check,UNVERIFIED—FULL TEXT REQUIRED,unclassified,not assessed,Conservative extraction row; retain no factual content unless a manual/source-locator row supports it.
H-CLAUSE-0022,Hermes review,Preamble; L22,inference/system fact,**Code was intentionally not inspected.** The brief is the authoritative system description; the repository is a different revision. No file from the repository was opened for this report.,citation/identifier as embedded in report line,source-report text only,unassigned pending source check,UNVERIFIED—FULL TEXT REQUIRED,unclassified,not assessed,Conservative extraction row; retain no factual content unless a manual/source-locator row supports it.
H-CLAUSE-0024,Hermes review,Preamble; L24,inference/system fact,"**Companion-review overlap.** Per-muscle volume landmarks, ACWR, combat-sport telemetry, tapering, loading schemes, step loading, and conjugate were answered by a companion review and are not re-answered here; where adjacent, one overlap line notes it.",citation/identifier as embedded in report line,source-report text only,unassigned pending source check,UNVERIFIED—FULL TEXT REQUIRED,unclassified,not assessed,Conservative extraction row; retain no factual content unless a manual/source-locator row supports it.
H-CLAUSE-0032,Hermes review,Q1 ; L32,inference/system fact,"No. The evidence supports representing progression along **at least three dissociable dimensions — maximal strength, muscle hypertrophy, and muscular endurance/power-endurance** — which progress on different dose–response curves and can move in opposite directions under identical volume-load. Neither of the app's two scalars (tonnage, estimated 1RM) captures more than one of these, and tonnage additionally fails to capture load-independent work entirely (bodyweight sets contribute zero). This is a statement about dimensions, not a design: composition is not addressed.",citation/identifier as embedded in report line,source-report text only,unassigned pending source check,UNVERIFIED—FULL TEXT REQUIRED,unclassified,not assessed,Conservative extraction row; retain no factual content unless a manual/source-locator row supports it.
H-CLAUSE-0036,Hermes review,Q1 ; L36,inference/system fact,**(a) Strength and hypertrophy respond to different doses.**,citation/identifier as embedded in report line,source-report text only,unassigned pending source check,UNVERIFIED—FULL TEXT REQUIRED,unclassified,not assessed,Conservative extraction row; retain no factual content unless a manual/source-locator row supports it.
H-CLAUSE-0037,Hermes review,Q1 ; L37,inference/system fact,The strongest direct dissociation evidence:,citation/identifier as embedded in report line,source-report text only,unassigned pending source check,UNVERIFIED—FULL TEXT REQUIRED,unclassified,not assessed,Conservative extraction row; retain no factual content unless a manual/source-locator row supports it.
H-CLAUSE-0039,Hermes review,Q1 ; L39,published finding,"- Volume: in resistance-trained men, raising per-exercise sets from 1 to 3 to 5 over 8 weeks produced equal strength gains across groups but progressively greater hypertrophy [B; PMID 30153194; DOI 10.1249/MSS.0000000000001764]. Population: 34 trained men, supervised. Transfer to unsupervised trainees: limited (supervised, male, trained), but the *dissociation logic* is the finding.",citation/identifier as embedded in report line,source-report text only,unassigned pending source check,UNVERIFIED—FULL TEXT REQUIRED,unclassified,not assessed,Conservative extraction row; retain no factual content unless a manual/source-locator row supports it.
H-CLAUSE-0040,Hermes review,Q1 ; L40,published finding,"- Load zone: across 21 studies training both ≤60% and >60% 1RM to failure, 1RM gains significantly favoured heavy loads while hypertrophy was similar between zones [A; PMID 28834797; DOI 10.1519/JSC.0000000000002200]. So two athletes with identical hypertrophy progress can have very different maximal-strength progress depending on the load they train with — a single scalar misreports whichever dimension is off-axis. Direction of misread: tonnage rewards high-repetition/light-load accumulation (inflates apparent progress on the strength axis); estimated 1RM tracks only maximal strength (blind to hypertrophy and endurance).",citation/identifier as embedded in report line,source-report text only,unassigned pending source check,UNVERIFIED—FULL TEXT REQUIRED,unclassified,not assessed,Conservative extraction row; retain no factual content unless a manual/source-locator row supports it.
H-CLAUSE-0041,Hermes review,Q1 ; L41,published finding,- Load does not dictate outcomes when failure-matched: 30% vs 80% 1RM unilateral and bilateral models showed similar hypertrophy and largely similar strength when all sets reached volitional failure [B; PMID 27174923; DOI 10.1152/japplphysiol.00154.2016].,citation/identifier as embedded in report line,source-report text only,unassigned pending source check,UNVERIFIED—FULL TEXT REQUIRED,unclassified,not assessed,Conservative extraction row; retain no factual content unless a manual/source-locator row supports it.
H-CLAUSE-0043,Hermes review,Q1 ; L43,inference/system fact,**(b) Outcome domains have distinct intensity profiles.**,citation/identifier as embedded in report line,source-report text only,unassigned pending source check,UNVERIFIED—FULL TEXT REQUIRED,unclassified,not assessed,Conservative extraction row; retain no factual content unless a manual/source-locator row supports it.
H-CLAUSE-0044,Hermes review,Q1 ; L44,published finding,"A Bayesian meta-analysis of 295 studies (6,710 participants) found improvement magnitude is driven by the interaction between load (%1RM) and the outcome measured: maximum strength maximises with the heaviest loads, jump performance with ~30% 1RM, power with 40–70% 1RM [A; DOI 10.1007/s40279-024-02006-3]. Different domains literally have different dose curves; no monotonic scalar can represent them jointly.",citation/identifier as embedded in report line,source-report text only,unassigned pending source check,UNVERIFIED—FULL TEXT REQUIRED,unclassified,not assessed,Conservative extraction row; retain no factual content unless a manual/source-locator row supports it.
H-CLAUSE-0046,Hermes review,Q1 ; L46,research-gap statement,"**(c) Endurance is a third axis.** The repetition-continuum re-examination concludes local-muscular-endurance effects of loading are equivocal and partly load-specific (absolute-load endurance favours light loads; relative-load endurance does not clearly) [A-tier narrative synthesis of reviews; DOI 10.3390/sports9020032]. Skill acquisition as a fourth dimension: I located no study quantifying resistance-skill progression as a measurable axis alongside strength/hypertrophy/endurance; it is named in motor-learning literature but not operationalised in this literature base. That is a gap, not a negative finding.",citation/identifier as embedded in report line,source-report text only,unassigned pending source check,GAP-NOT-ESTABLISHED,unclassified,not assessed,Conservative extraction row; retain no factual content unless a manual/source-locator row supports it.
H-CLAUSE-0048,Hermes review,Q1 ; L48,published finding,"**How many dimensions?** The evidence supports naming three measurable dimensions with distinct dose responses (maximal strength; hypertrophy; local endurance/strength-endurance), plus a fourth candidate (power/velocity-dependent performance) supported by the domain-profile meta-analysis [DOI 10.1007/s40279-024-02006-3] but requiring velocity or jump testing the app cannot capture. Power is therefore listed as evidence-supported but **not capturable here**.",citation/identifier as embedded in report line,source-report text only,unassigned pending source check,UNVERIFIED—FULL TEXT REQUIRED,unclassified,not assessed,Conservative extraction row; retain no factual content unless a manual/source-locator row supports it.
H-CLAUSE-0050,Hermes review,Q1 ; L50,inference/system fact,"**Under what conditions do the axes come apart?** When load zones differ (strength vs hypertrophy, above); when volumes differ at fixed load (hypertrophy vs strength); when proximity to failure differs (see Q3). Under those conditions — which describe normal programme variety — any single scalar will misreport one axis, in either direction depending on which axis the scalar privileges.",citation/identifier as embedded in report line,source-report text only,unassigned pending source check,UNVERIFIED—FULL TEXT REQUIRED,unclassified,not assessed,Conservative extraction row; retain no factual content unless a manual/source-locator row supports it.
H-CLAUSE-0054,Hermes review,Q1 ; L54,research-gap statement,"All dissociation trials were supervised, most in trained men. An unsupervised trainee adds measurement error (Q2, Q5) on top of the structural multi-dimensionality. No evidence addresses whether the dissociations appear in beginners within weeks rather than months — beginner data exist for individual studies inside the meta-analyses but were not separately extractable from what I read.",citation/identifier as embedded in report line,source-report text only,unassigned pending source check,GAP-NOT-ESTABLISHED,unclassified,not assessed,Conservative extraction row; retain no factual content unless a manual/source-locator row supports it.
H-CLAUSE-0056,Hermes review,Q1 ; L56,inference/system fact,"False-positive/false-negative framing: a tonnage-only view shows false-positive ""progress"" whenever the athlete drifts to lighter, longer sets; an estimated-1RM-only view shows false-negative progress for a hypertrophy-phase athlete gaining size without maximal-strength change.",citation/identifier as embedded in report line,source-report text only,unassigned pending source check,UNVERIFIED—FULL TEXT REQUIRED,unclassified,not assessed,Conservative extraction row; retain no factual content unless a manual/source-locator row supports it.
H-CLAUSE-0060,Hermes review,Q1 ; L60,research-gap statement,Whether skill acquisition constitutes a fourth measurable axis: no verifiable source located bearing directly on quantification. Whether the three axes dissociate identically by sex and age: under-studied (noted explicitly in [DOI 10.3390/sports9020032]).,citation/identifier as embedded in report line,source-report text only,unassigned pending source check,GAP-NOT-ESTABLISHED,unclassified,not assessed,Conservative extraction row; retain no factual content unless a manual/source-locator row supports it.
H-CLAUSE-0064,Hermes review,Q1 ; L64,inference/system fact,"*Does:* establishes, with tier-A/B evidence, that one-dimensional tracking is structurally inadequate and names the dimensions the literature distinguishes.",citation/identifier as embedded in report line,source-report text only,unassigned pending source check,UNVERIFIED—FULL TEXT REQUIRED,unclassified,not assessed,Conservative extraction row; retain no factual content unless a manual/source-locator row supports it.
H-CLAUSE-0066,Hermes review,Q1 ; L66,design proposal,"*Does not:* authorise any particular set of tracked metrics, any weighting or combination (none proposed), any display decision, or any claim that N dimensions is the final count. The number and identity of tracked dimensions is the owner's ratification decision.",citation/identifier as embedded in report line,source-report text only,unassigned pending source check,UNSUPPORTED,unclassified,not assessed,Conservative extraction row; retain no factual content unless a manual/source-locator row supports it.
H-CLAUSE-0072,Hermes review,Q2 ; L72,inference/system fact,"`percentage_of_1RM = 1 / (1 + (repetitions + (10 − RPE)) / 30)` — Epley family, RIR substituted additively into the rep count.",citation/identifier as embedded in report line,source-report text only,unassigned pending source check,UNVERIFIED—FULL TEXT REQUIRED,unclassified,not assessed,Conservative extraction row; retain no factual content unless a manual/source-locator row supports it.
H-CLAUSE-0076,Hermes review,Q2 ; L76,inference/system fact,"Four sub-findings, stated separately as the brief requires:",citation/identifier as embedded in report line,source-report text only,unassigned pending source check,UNVERIFIED—FULL TEXT REQUIRED,unclassified,not assessed,Conservative extraction row; retain no factual content unless a manual/source-locator row supports it.
H-CLAUSE-0078,Hermes review,Q2 ; L78,inference/system fact,"1. **Equation validity:** Epley-family equations are group-level accurate near failure and degrade as repetitions-to-failure grows past roughly ten; published error magnitudes are exercise-, sex-, and training-status-dependent, and no validation of Epley specifically covers the *inverse* use the app makes of it.",citation/identifier as embedded in report line,source-report text only,unassigned pending source check,UNVERIFIED—FULL TEXT REQUIRED,unclassified,not assessed,Conservative extraction row; retain no factual content unless a manual/source-locator row supports it.
H-CLAUSE-0079,Hermes review,Q2 ; L79,inference/system fact,"2. **RIR substitution:** treating reserve repetitions as performed repetitions is consistent with how the field models the reps~%1RM relationship, but **no paper validates this exact substitution**, and the substitution inherits the full error of the RIR rating itself.",citation/identifier as embedded in report line,source-report text only,unassigned pending source check,UNVERIFIED—FULL TEXT REQUIRED,unclassified,not assessed,Conservative extraction row; retain no factual content unless a manual/source-locator row supports it.
H-CLAUSE-0080,Hermes review,Q2 ; L80,inference/system fact,"3. **Self-reported RPE/RIR error:** people rate proximity to failure with a typical error of roughly ±1–2 repetitions, systematically *underpredicting* remaining reps by about 1 rep on average; accuracy improves closer to failure and in shorter sets, and is *not* reliably better in experienced lifters.",citation/identifier as embedded in report line,source-report text only,unassigned pending source check,UNVERIFIED—FULL TEXT REQUIRED,unclassified,not assessed,Conservative extraction row; retain no factual content unless a manual/source-locator row supports it.
H-CLAUSE-0081,Hermes review,Q2 ; L81,inference/system fact,4. **Propagated minimal detectable change:** **the literature contains no minimal detectable change value for an Epley-with-RIR estimated-1RM series.** None exists to adopt. This is the honest blank the policy anticipates.,citation/identifier as embedded in report line,source-report text only,unassigned pending source check,UNVERIFIED—FULL TEXT REQUIRED,unclassified,not assessed,Conservative extraction row; retain no factual content unless a manual/source-locator row supports it.
H-CLAUSE-0087,Hermes review,Q2 ; L87,published finding,"- In young women before and after 12 weeks of bench-press training, prediction equations were **more accurate when fewer than 10 repetitions-to-failure were used**, across pre- and post-training conditions [B; PMID 18714230; DOI 10.1519/JSC.0b013e31817b02ad]. Numeric error magnitudes per equation were not retrievable from the abstract; the direction and threshold are what the record supports. Population: 103 women, bench press only.",citation/identifier as embedded in report line,source-report text only,unassigned pending source check,UNVERIFIED—FULL TEXT REQUIRED,unclassified,not assessed,Conservative extraction row; retain no factual content unless a manual/source-locator row supports it.
H-CLAUSE-0088,Hermes review,Q2 ; L88,published finding,"- The classic comparison of seven equations across bench press, squat, and deadlift [D→B; DOI 10.1519/00124278-199711000-00001, verified via Crossref; LeSuer et al., JSCR 1997] is widely cited as showing accuracy degrades beyond ~10 RTF; **I read only secondary descriptions and the Crossref metadata of this paper, not its results tables** — so I assert only that the paper exists, tested seven equations on three lifts, and is the standard citation for rep-range-dependent accuracy, per the read-what-you-cite rule.",citation/identifier as embedded in report line,source-report text only,unassigned pending source check,UNVERIFIED—FULL TEXT REQUIRED,unclassified,not assessed,Conservative extraction row; retain no factual content unless a manual/source-locator row supports it.
H-CLAUSE-0089,Hermes review,Q2 ; L89,published finding,"- The meta-regression of repetitions achievable at %1RM (952 tests, 7,289 individuals) gives the error structure underneath any such equation: between-individual SD of repetitions at a given %1RM is **2.51 reps at 80% 1RM and 4.36 reps at 60% 1RM**, and mean repetitions run higher than traditional tables (e.g. ~14 vs 11 at 70%) [A; DOI 10.1007/s40279-023-01937-7]. Consequence for the app: at light loads and long sets, the same logged (reps, RPE) pair maps to wildly different true intensities between individuals; at heavy loads and short sets, it maps tightly.",citation/identifier as embedded in report line,source-report text only,unassigned pending source check,UNVERIFIED—FULL TEXT REQUIRED,unclassified,not assessed,Conservative extraction row; retain no factual content unless a manual/source-locator row supports it.
H-CLAUSE-0090,Hermes review,Q2 ; L90,published finding,- Training background shifts the relationship: endurance runners completed ~40 vs ~18 reps at 70% 1RM leg press compared with weightlifters [C; PMID 24899782; DOI 10.5604/20831862.1099047].,citation/identifier as embedded in report line,source-report text only,unassigned pending source check,UNVERIFIED—FULL TEXT REQUIRED,unclassified,not assessed,Conservative extraction row; retain no factual content unless a manual/source-locator row supports it.
H-CLAUSE-0091,Hermes review,Q2 ; L91,published finding,"- Exercise dependence: leg press permits far more reps than bench press at equal %1RM (e.g. 13.1 vs 8.8 at 80%) [A; same meta-regression, DOI 10.1007/s40279-023-01937-7] — a single global equation is structurally wrong for at least one of them.",citation/identifier as embedded in report line,source-report text only,unassigned pending source check,UNVERIFIED—FULL TEXT REQUIRED,unclassified,not assessed,Conservative extraction row; retain no factual content unless a manual/source-locator row supports it.
H-CLAUSE-0092,Hermes review,Q2 ; L92,inference/system fact,"- Sex, age, training status did *not* clearly moderate the reps~%1RM means in the meta-regression [A; same], i.e. the equation's problem is not who lifts but where on the rep range and which exercise.",citation/identifier as embedded in report line,source-report text only,unassigned pending source check,UNVERIFIED—FULL TEXT REQUIRED,unclassified,not assessed,Conservative extraction row; retain no factual content unless a manual/source-locator row supports it.
H-CLAUSE-0094,Hermes review,Q2 ; L94,inference/system fact,"**Error directions.** Overestimated 1RM (false-positive progress): athlete believes strength rose when noise or optimistic ratings moved the estimate. Underestimated (false-negative): genuine adaptation masked; in an unsupervised app, a chronically underestimated series reads as stagnation and may prompt unnecessary programme change.",citation/identifier as embedded in report line,source-report text only,unassigned pending source check,UNVERIFIED—FULL TEXT REQUIRED,unclassified,not assessed,Conservative extraction row; retain no factual content unless a manual/source-locator row supports it.
H-CLAUSE-0098,Hermes review,Q2 ; L98,research-gap statement,"I found **no study validating the additive RIR-in-reps substitution** `reps + (10 − RPE)` in either direction of the Epley equation. Targeted searches surfaced validations of (i) rep-max equations using performed repetitions, and (ii) RPE-RIR scales as effort measures, but nothing combining them. What the literature does support is the *premise*: the reps-at-%1RM relationship is continuous through failure, so reserve reps behave like would-be reps at the same relative load [A; DOI 10.1007/s40279-023-01937-7 provides the modern continuous model]. Premise support is not substitution validation, and I report the distinction deliberately.",citation/identifier as embedded in report line,source-report text only,unassigned pending source check,GAP-NOT-ESTABLISHED,unclassified,not assessed,Conservative extraction row; retain no factual content unless a manual/source-locator row supports it.
H-CLAUSE-0100,Hermes review,Q2 ; L100,research-gap statement,"What happens as RPE moves away from 10 follows arithmetically from the rating-error evidence below: each unit of RPE error injects roughly one rep-worth of error into the effective rep count, and Epley's sensitivity per rep grows with rep count — so **the estimate's error compounds quadratically-ish away from failure**: worse at low RPE (long effective sets), best near RPE 9–10. No source states this propagated curve; it is the arithmetic consequence of [A; DOI 10.1007/s40279-021-01559-x] plus [A; DOI 10.1007/s40279-023-01937-7] and is labelled as inference, not evidence.",citation/identifier as embedded in report line,source-report text only,unassigned pending source check,GAP-NOT-ESTABLISHED,unclassified,not assessed,Conservative extraction row; retain no factual content unless a manual/source-locator row supports it.
H-CLAUSE-0104,Hermes review,Q2 ; L104,derived calculation,"- Pooled estimate: people **underpredict** repetitions remaining to failure by **0.95 reps (95% CI 0.17–1.73)**, between-participant SD 1.45 reps; accuracy improves closer to failure and in ≤12-rep sets; **training status showed no clear effect** (β ≈ −0.006 reps) [A; PMID 34542869; DOI 10.1007/s40279-021-01559-x]. Heterogeneity very high (I²=97.9%) — the average hides wide individual spread.",citation/identifier as embedded in report line,source-report text only,unassigned pending source check,AUDITOR-DERIVED—NOT PUBLISHED,unclassified,not assessed,Conservative extraction row; retain no factual content unless a manual/source-locator row supports it.
H-CLAUSE-0105,Hermes review,Q2 ; L105,derived calculation,"- Primary study confirmation: estimation error ≈1 rep when actual reps-to-failure ≤5, >2 reps at 7–10; chest press better than leg press; experience did not affect accuracy [C; PMID 27787474; DOI 10.1519/JSC.0000000000001683]; n=81.",citation/identifier as embedded in report line,source-report text only,unassigned pending source check,AUDITOR-DERIVED—NOT PUBLISHED,unclassified,not assessed,Conservative extraction row; retain no factual content unless a manual/source-locator row supports it.
H-CLAUSE-0106,Hermes review,Q2 ; L106,published finding,"- Gym-based (ecological) replication: predictions imperfect, improving with experience in novices [B−/C; PMID 29204323; DOI 10.7717/peerj.4105] — read as intro/methods context only.",citation/identifier as embedded in report line,source-report text only,unassigned pending source check,UNVERIFIED—FULL TEXT REQUIRED,unclassified,not assessed,Conservative extraction row; retain no factual content unless a manual/source-locator row supports it.
H-CLAUSE-0107,Hermes review,Q2 ; L107,published finding,"- Calibration ceiling: competitive powerlifters select loads to hit target RPE with mean absolute error **0.33 ± 0.28 RPE** [B; PMID 28933716; DOI 10.1519/JSC.0000000000002097]. This is the *best case*, elite and coached.",citation/identifier as embedded in report line,source-report text only,unassigned pending source check,UNVERIFIED—FULL TEXT REQUIRED,unclassified,not assessed,Conservative extraction row; retain no factual content unless a manual/source-locator row supports it.
H-CLAUSE-0108,Hermes review,Q2 ; L108,published finding,- RPE-as-intensity validity: pooled r = 0.88 (95% CI 0.84–0.91) against criterion measures across 75 studies [A; DOI 10.1186/s40798-021-00386-8]. Validity of the scale ≠ precision of an individual rating; the correlation is between-group and condition-rich.,citation/identifier as embedded in report line,source-report text only,unassigned pending source check,UNVERIFIED—FULL TEXT REQUIRED,unclassified,not assessed,Conservative extraction row; retain no factual content unless a manual/source-locator row supports it.
H-CLAUSE-0109,Hermes review,Q2 ; L109,published finding,"- Submaximal-RPE extrapolation to 1RM works at group level (r 0.92–0.97, no significant bias) even in blinded conditions [B; PMID 24149599; Eston & Evans 2009, JSSM 8(4):567–573; verified via PubMed; no publisher DOI located] — n=20, different mechanism from the app's, reported for completeness.",citation/identifier as embedded in report line,source-report text only,unassigned pending source check,UNVERIFIED—FULL TEXT REQUIRED,unclassified,not assessed,Conservative extraction row; retain no factual content unless a manual/source-locator row supports it.
H-CLAUSE-0111,Hermes review,Q2 ; L111,research-gap statement,"**Untrained-without-coach transfer.** Every accuracy study above was conducted with participants who knew failure was coming, usually observed. Halperin et al. note their conditions involved awareness of the failure criterion; the Stronger-by-Science synthesis I read (commercial commentary, Tier E, used for orientation only, cited nowhere as evidence) makes the same point. For the app's population — possibly never having taken a set to failure, receiving no feedback on rating quality — the honest reading is: **the ±1-rep average error is a floor on expected accuracy, not a ceiling; systematic miscalibration in naive raters is plausible and unmeasured.** Both error directions matter: overestimated RIR inflates estimated 1RM (false-positive progress); underestimated RIR deflates it (false-negative).",citation/identifier as embedded in report line,source-report text only,unassigned pending source check,GAP-NOT-ESTABLISHED,unclassified,not assessed,Conservative extraction row; retain no factual content unless a manual/source-locator row supports it.
H-CLAUSE-0115,Hermes review,Q2 ; L115,research-gap statement,"**No value is supportable.** I searched for direct MDC estimates for Epley-derived or RPE-adjusted estimated-1RM series and found none. The nearest building blocks — 1RM test-retest CV (median 4.2%, range 0.5–12.1%, [A; PMID 32681399; DOI 10.1186/s40798-020-00260-z]) and RIR rating error (±1–2 reps, [A; DOI 10.1007/s40279-021-01559-x]) — have never been composed into a propagated MDC for this estimator, and composing them here would require assumptions about rating-error distribution that no source supplies. Per the brief and the Calibration Policy, I stop at the blank. Any MDC figure appearing elsewhere for ""estimated 1RM"" is, to the extent of my search, unsourced.",citation/identifier as embedded in report line,source-report text only,unassigned pending source check,GAP-NOT-ESTABLISHED,unclassified,not assessed,Conservative extraction row; retain no factual content unless a manual/source-locator row supports it.
H-CLAUSE-0119,Hermes review,Q2 ; L119,inference/system fact,"*Does:* supports the owner treating the equation as fit-for-purpose only near failure (high RPE, low rep counts), treats its output as noisy at the individual level, and confirms there is no citable MDC or stall definition to adopt.",citation/identifier as embedded in report line,source-report text only,unassigned pending source check,UNVERIFIED—FULL TEXT REQUIRED,unclassified,not assessed,Conservative extraction row; retain no factual content unless a manual/source-locator row supports it.
H-CLAUSE-0121,Hermes review,Q2 ; L121,design proposal,"*Does not:* authorise any numeric noise floor, any restriction on which RPE values feed estimates, any correction factor, any per-exercise coefficient (that machinery already exists under the frozen registry), or any claim that the substitution is invalid — only that it is unvalidated.",citation/identifier as embedded in report line,source-report text only,unassigned pending source check,UNSUPPORTED,unclassified,not assessed,Conservative extraction row; retain no factual content unless a manual/source-locator row supports it.
H-CLAUSE-0127,Hermes review,Q3 ; L127,inference/system fact,"*(One-line companion overlap: this asks whether volume-load equates across configurations, not whether per-muscle landmarks are supportable — that companion question is not re-opened.)*",citation/identifier as embedded in report line,source-report text only,unassigned pending source check,UNVERIFIED—FULL TEXT REQUIRED,unclassified,not assessed,Conservative extraction row; retain no factual content unless a manual/source-locator row supports it.
H-CLAUSE-0131,Hermes review,Q3 ; L131,derived calculation,"No, not generally. Equal `Σ(reps × kg)` equates stimulus only within a narrow band of configurations (similar loads, similar proximities to failure). Across configurations it demonstrably fails for maximal strength (heavy/light-load differences persist when failure-matched), is approximately preserved for hypertrophy *only when proximity to failure is matched*, and the app's own ""hard sets"" (RPE ≥ 8) count aligns with the variable the dose-response literature actually implicates for hypertrophy — proximity to failure — though no head-to-head proxy-comparison trial exists. The boundary appears to sit around the ~30% 1RM floor and around matched proximity-to-failure rather than any sharp load threshold.",citation/identifier as embedded in report line,source-report text only,unassigned pending source check,AUDITOR-DERIVED—NOT PUBLISHED,unclassified,not assessed,Conservative extraction row; retain no factual content unless a manual/source-locator row supports it.
H-CLAUSE-0135,Hermes review,Q3 ; L135,published finding,**Maximal strength — equating fails.** Heavy-load training produces greater 1RM gains than light-load training even when both are carried to failure (21-study meta-analysis; significant difference favouring high load) [A; PMID 28834797; DOI 10.1519/JSC.0000000000002200]. Two sessions with identical tonnage but different load zones therefore buy different maximal-strength stimulus. Direction of misread for a tonnage-tracked athlete: light/high-rep accumulation looks like progress while the strength-relevant axis stalls.,citation/identifier as embedded in report line,source-report text only,unassigned pending source check,UNVERIFIED—FULL TEXT REQUIRED,unclassified,not assessed,Conservative extraction row; retain no factual content unless a manual/source-locator row supports it.
H-CLAUSE-0137,Hermes review,Q3 ; L137,published finding,"**Hypertrophy — equating holds only conditionally.** Hypertrophy is similar across ≥30% 1RM loading zones when sets reach failure [A; DOI 10.1519/JSC.0000000000002200]; the ~30% floor is where comparable growth has been demonstrated [A-tier synthesis; DOI 10.3390/sports9020032]. But proximity-to-failure is itself a dose: in exploratory meta-regressions, hypertrophy increased continuously as sets terminated closer to failure (negative RIR slopes, CIs excluding null) while strength gains were flat across a wide RIR range [A; PMID 38970765; DOI 10.1007/s40279-024-02069-2]. So equal tonnage with unequal effort is unequal stimulus, and the inequality runs differently for the two outcomes — exactly the dissociation pattern.",citation/identifier as embedded in report line,source-report text only,unassigned pending source check,UNVERIFIED—FULL TEXT REQUIRED,unclassified,not assessed,Conservative extraction row; retain no factual content unless a manual/source-locator row supports it.
H-CLAUSE-0139,Hermes review,Q3 ; L139,published finding,**Local endurance.** Evidence for load-specific endurance adaptations is weak and equivocal (absolute vs relative test dependence) [A-tier synthesis; DOI 10.3390/sports9020032]. I can say only that equating is not established for endurance either way.,citation/identifier as embedded in report line,source-report text only,unassigned pending source check,UNVERIFIED—FULL TEXT REQUIRED,unclassified,not assessed,Conservative extraction row; retain no factual content unless a manual/source-locator row supports it.
H-CLAUSE-0141,Hermes review,Q3 ; L141,published finding,"**Hard sets vs tonnage as proxies.** The literature does not contain a direct trial comparing ""sets at RPE ≥ 8"" against tonnage as competing volume proxies. What exists: proximity-to-failure carries the hypertrophy dose-response signal that tonnage alone misses [A; DOI 10.1007/s40279-024-02069-2], and hard-set-style constructs (sets near failure) are the operationalisation researchers increasingly adjust for when modelling dose. The app's RPE ≥ 8 cut-point corresponds roughly to ≤2 RIR — the region where RIR-rating error is smallest (~±1 rep) [A; DOI 10.1007/s40279-021-01559-x]. That is convergence, not validation of the specific threshold; the threshold 8 is a convention whose evidentiary status is ""reasonable"", not ""tested"".",citation/identifier as embedded in report line,source-report text only,unassigned pending source check,UNVERIFIED—FULL TEXT REQUIRED,unclassified,not assessed,Conservative extraction row; retain no factual content unless a manual/source-locator row supports it.
H-CLAUSE-0143,Hermes review,Q3 ; L143,research-gap statement,"**Threshold question.** The evidenced floor for hypertrophy-equivalence sits near ~30% 1RM (below it, unequipped sets-to-failure comparisons thin out) [A; DOI 10.1519/JSC.0000000000002200 and DOI 10.3390/sports9020032]; no evidenced *upper* repetition-count threshold marks where volume-load stops tracking stimulus — the relationship degrades continuously via the effort channel rather than at a cliff. State plainly: the boundary is conditional, not a number.",citation/identifier as embedded in report line,source-report text only,unassigned pending source check,GAP-NOT-ESTABLISHED,unclassified,not assessed,Conservative extraction row; retain no factual content unless a manual/source-locator row supports it.
H-CLAUSE-0147,Hermes review,Q3 ; L147,inference/system fact,"Volume-equation trials are supervised and failure-criterion-aware. An unsupervised athlete logging RPE sporadically makes ""hard sets"" undercounted whenever RPE is absent — the app's own data shape (optional RPE) biases the proxy toward zero, a false-negative-progress risk for diligent-but-forgetful loggers; conversely, metric-gaming inflates hard-set counts without effort (Q6). Tonnnage's bodyweight blind spot (accepted limitation) additionally zeroes entire movement families.",citation/identifier as embedded in report line,source-report text only,unassigned pending source check,UNVERIFIED—FULL TEXT REQUIRED,unclassified,not assessed,Conservative extraction row; retain no factual content unless a manual/source-locator row supports it.
H-CLAUSE-0151,Hermes review,Q3 ; L151,inference/system fact,"*Does:* supports the owner's intuition — equal tonnage is not equal stimulus — with tier-A evidence, and identifies proximity-to-failure as the missing variable the app partially observes (hard-set count).",citation/identifier as embedded in report line,source-report text only,unassigned pending source check,UNVERIFIED—FULL TEXT REQUIRED,unclassified,not assessed,Conservative extraction row; retain no factual content unless a manual/source-locator row supports it.
H-CLAUSE-0153,Hermes review,Q3 ; L153,design proposal,"*Does not:* authorise replacing tonnage with hard sets, adopting any RPE cut-point, any equivalence formula across configurations, or any claim that hard sets are a validated proxy. No head-to-head validation exists.",citation/identifier as embedded in report line,source-report text only,unassigned pending source check,UNSUPPORTED,unclassified,not assessed,Conservative extraction row; retain no factual content unless a manual/source-locator row supports it.
H-CLAUSE-0161,Hermes review,Q4 ; L161,research-gap statement,"The evidence supports **separate axes** rather than a common scale: repetitions-performed at a standardised variation is the only well-supported observable for bodyweight progressions; for isometrics, time-under-tension at a defined position/intensity is the evidenced progression variable (with BP-outcome trials built on hold duration × %MVC × angle); for eccentric-only work, mode-specific loading dominates and no external-load-free progression scale is validated. Quantifying the ""size"" of a leverage/variation jump is **not supported anywhere I could locate** — it is convention. Coefficient-based equating of different movements is likewise convention, not evidence.",citation/identifier as embedded in report line,source-report text only,unassigned pending source check,GAP-NOT-ESTABLISHED,unclassified,not assessed,Conservative extraction row; retain no factual content unless a manual/source-locator row supports it.
H-CLAUSE-0165,Hermes review,Q4 ; L165,research-gap statement,- **Bodyweight progressions produce measurable strength gains** — progressive calisthenic push-up variations raised 1RM bench similarly to barbell bench training in 4 weeks (n=23 men) [B; PMID 29466268; DOI 10.1519/JSC.0000000000002345] — but the progression *within* the calisthenics arm was structured by programme design; no study places inclined-push-up → push-up → deficit-push-up rungs on a common numerical scale with kilograms. Placement on a shared scale with loaded work: unsupported.,citation/identifier as embedded in report line,source-report text only,unassigned pending source check,GAP-NOT-ESTABLISHED,unclassified,not assessed,Conservative extraction row; retain no factual content unless a manual/source-locator row supports it.
H-CLAUSE-0166,Hermes review,Q4 ; L166,published finding,"- **Isometrics:** the clinical isometric literature progresses by **hold duration, intensity (%MVC or joint-angle proxy), and frequency** — e.g. the translated protocol of 4×2-min holds at ~30% MVC, 3×/wk, with knee-joint angle used as the reliable intensity dial for wall squats [B− evidence guide synthesising RCTs/meta-analyses; DOI 10.1186/s40885-022-00232-3]. Isometric training produced the largest SBP reductions among exercise modes (−8.24 mmHg pairwise) in a 270-RCT network meta-analysis [A; DOI 10.1136/bjsports-2022-106503] — outcome evidence that the time/intensity axes carry real dose. These variables map onto the app's `seconds` field and manual bodyweight; %MVC requires equipment the app lacks, so intensity must ride on angle/position (ordinal) or perceived effort — the latter inherits Q2's rating error.",citation/identifier as embedded in report line,source-report text only,unassigned pending source check,UNVERIFIED—FULL TEXT REQUIRED,unclassified,not assessed,Conservative extraction row; retain no factual content unless a manual/source-locator row supports it.
H-CLAUSE-0167,Hermes review,Q4 ; L167,published finding,- **Eccentric-only:** systematic-review level conclusion is that eccentric methods confer largely **mode-specific** strength advantages [A; PMID 27647157; DOI 10.1007/s40279-016-0628-4]. Progression variable in the trials was external or supplementary load; a load-free eccentric progression scale is not established.,citation/identifier as embedded in report line,source-report text only,unassigned pending source check,UNVERIFIED—FULL TEXT REQUIRED,unclassified,not assessed,Conservative extraction row; retain no factual content unless a manual/source-locator row supports it.
H-CLAUSE-0168,Hermes review,Q4 ; L168,published finding,- **Variation-jump magnitude:** I located no peer-reviewed quantification of the difficulty delta between leverage variants (e.g. incline vs standard push-up). Practitioner frameworks exist (Tier D/E territory); none independently validated. Honest answer: not quantified in the accessible literature.,citation/identifier as embedded in report line,source-report text only,unassigned pending source check,UNVERIFIED—FULL TEXT REQUIRED,unclassified,not assessed,Conservative extraction row; retain no factual content unless a manual/source-locator row supports it.
H-CLAUSE-0169,Hermes review,Q4 ; L169,inference/system fact,"- **Coefficient-based cross-movement equating:** the owner's four-anchor, coefficient-1.0 scheme is internally conservative, but the general concept — multiplying one movement's work by a coefficient to equate it to another movement's — has no validation studies that I could locate; every equating attempt in research equates *within* a movement across load/rep configurations, not across movements. It is necessarily a convention (owner ruling domain), and the existing ruling to confine coefficients to reviewed anchors is consistent with that status.",citation/identifier as embedded in report line,source-report text only,unassigned pending source check,UNVERIFIED—FULL TEXT REQUIRED,unclassified,not assessed,Conservative extraction row; retain no factual content unless a manual/source-locator row supports it.
H-CLAUSE-0173,Hermes review,Q4 ; L173,inference/system fact,"A common-scale illusion would let bodyweight progress masquerade as (or hide behind) barbell tonnage changes. Keeping separate axes risks the opposite: real functional progress invisible to any displayed number — an adherence cost (Q6), not a measurement error.",citation/identifier as embedded in report line,source-report text only,unassigned pending source check,UNVERIFIED—FULL TEXT REQUIRED,unclassified,not assessed,Conservative extraction row; retain no factual content unless a manual/source-locator row supports it.
H-CLAUSE-0177,Hermes review,Q4 ; L177,inference/system fact,"*Does:* supports tracking bodyweight movements by repetitions/seconds on their own axes, treats isometric progression variables (time, position, effort) as evidence-aligned, and labels cross-movement coefficients as convention.",citation/identifier as embedded in report line,source-report text only,unassigned pending source check,UNVERIFIED—FULL TEXT REQUIRED,unclassified,not assessed,Conservative extraction row; retain no factual content unless a manual/source-locator row supports it.
H-CLAUSE-0179,Hermes review,Q4 ; L179,design proposal,"*Does not:* authorise any conversion between bodyweight and loaded work, any variant-difficulty scoring, or any change to the ratified four-anchor scheme.",citation/identifier as embedded in report line,source-report text only,unassigned pending source check,UNSUPPORTED,unclassified,not assessed,Conservative extraction row; retain no factual content unless a manual/source-locator row supports it.
H-CLAUSE-0187,Hermes review,Q5 ; L187,research-gap statement,"Reliability of the underlying measures is good-to-excellent in supervised settings (1RM ICC median 0.97, CV median 4.2%; rep-max tests SEM ≈ 0.7–1.1 reps), but **no persistence window for calling a trend stalled exists in the literature, and reliability numbers do not transfer cleanly to unobserved self-testing.** Training-age-specific thresholds: no direct comparative evidence located.",citation/identifier as embedded in report line,source-report text only,unassigned pending source check,GAP-NOT-ESTABLISHED,unclassified,not assessed,Conservative extraction row; retain no factual content unless a manual/source-locator row supports it.
H-CLAUSE-0191,Hermes review,Q5 ; L191,published finding,"- **1RM test-retest:** across 32 studies (pooled n=1,595), ICCs ranged 0.64–0.99 (median 0.97; 92% ≥ 0.90) and CVs 0.5–12.1% (median 4.2%), stable across training experience, sex, age, exercise type, and familiarisation [A; PMID 32681399; DOI 10.1186/s40798-020-00260-z]. Conditions: supervised testers, standardised protocols. The app never administers a true 1RM test; this bounds the *best-case* instrument.",citation/identifier as embedded in report line,source-report text only,unassigned pending source check,UNVERIFIED—FULL TEXT REQUIRED,unclassified,not assessed,Conservative extraction row; retain no factual content unless a manual/source-locator row supports it.
H-CLAUSE-0192,Hermes review,Q5 ; L192,published finding,"- **Repetition-maximum tests at fixed relative loads** (closer to what the app observes): ICC better at lighter loads (70%: 0.86) than heavier (90%: 0.65); SEM 0.7 reps at 90%, 1.1 reps at 70% [C; DOI 10.1371/journal.pone.0268074]; n=24 trained adults, 1-week retest, supervised. Directly relevant: the athlete's reps-at-load record moves by roughly ±1 rep day-to-day even when supervised and fresh.",citation/identifier as embedded in report line,source-report text only,unassigned pending source check,UNVERIFIED—FULL TEXT REQUIRED,unclassified,not assessed,Conservative extraction row; retain no factual content unless a manual/source-locator row supports it.
H-CLAUSE-0193,Hermes review,Q5 ; L193,published finding,"- **MDC illustration:** in children, despite excellent ICCs, MDC95 of 1RM tests ran 9–18% depending on exercise [C; DOI 10.3390/app11052204]. Read carefully: this is a *different population* (non-transferable by age), included because it demonstrates the general psychometric point the brief weights heavily — **ICC excellence does not imply small individual-level change thresholds; MDCs derived from CVs are several times larger than people expect.**",citation/identifier as embedded in report line,source-report text only,unassigned pending source check,UNVERIFIED—FULL TEXT REQUIRED,unclassified,not assessed,Conservative extraction row; retain no factual content unless a manual/source-locator row supports it.
H-CLAUSE-0194,Hermes review,Q5 ; L194,published finding,"- **Self-reported effort error:** see Q2(c) — ±1–2 reps equivalent, systematic underprediction [A; DOI 10.1007/s40279-021-01559-x]. This error enters every RPE-conditioned measure the app computes and is *unobservable* to a coach-less system: nothing flags a chronically miscalibrated rater.",citation/identifier as embedded in report line,source-report text only,unassigned pending source check,UNVERIFIED—FULL TEXT REQUIRED,unclassified,not assessed,Conservative extraction row; retain no factual content unless a manual/source-locator row supports it.
H-CLAUSE-0195,Hermes review,Q5 ; L195,inference/system fact,- **Timed holds:** no test-retest reliability located for self-timed isometric holds outside laboratory dynamometry; the app's phone-clock seconds lack a reliability literature. Gap.,citation/identifier as embedded in report line,source-report text only,unassigned pending source check,UNVERIFIED—FULL TEXT REQUIRED,unclassified,not assessed,Conservative extraction row; retain no factual content unless a manual/source-locator row supports it.
H-CLAUSE-0196,Hermes review,Q5 ; L196,research-gap statement,"- **Persistence window (""how long must a non-improving trend last?""):** I found **no evidence-based persistence window** for strength measures. Programme-duration conventions (4-week blocks etc.) are design choices, not detection statistics; no source derives a stall window from reliability data for this estimator. Per policy this stays blank. Both error directions of guessing: too-short a window manufactures false stalls (churn); too-long masks real stagnation (lost training time).",citation/identifier as embedded in report line,source-report text only,unassigned pending source check,GAP-NOT-ESTABLISHED,unclassified,not assessed,Conservative extraction row; retain no factual content unless a manual/source-locator row supports it.
H-CLAUSE-0197,Hermes review,Q5 ; L197,research-gap statement,"- **Training-age differences in variability:** no study directly comparing biological/day-to-day variation across beginner-through-elite on these measures was located; the 1RM reliability review found reliability broadly stable across experience [A; DOI 10.1186/s40798-020-00260-z], which is *weak indirect* evidence against large training-age differences in measurement noise — but stability of ICC says little about absolute variability, and I flag the inference as limited.",citation/identifier as embedded in report line,source-report text only,unassigned pending source check,GAP-NOT-ESTABLISHED,unclassified,not assessed,Conservative extraction row; retain no factual content unless a manual/source-locator row supports it.
H-CLAUSE-0201,Hermes review,Q5 ; L201,inference/system fact,"Every reliability figure above came from supervised sessions with standardised warm-ups and often familiarisation sessions. Unsupervised self-testing adds unquantified error: inconsistent warm-up, inconsistent set depth/RP, selective logging. The honest summary: **the app's measures are reliable enough to detect medium-large changes and unreliable at detecting anything smaller, and the supervision-free penalty is unquantified.**",citation/identifier as embedded in report line,source-report text only,unassigned pending source check,UNVERIFIED—FULL TEXT REQUIRED,unclassified,not assessed,Conservative extraction row; retain no factual content unless a manual/source-locator row supports it.
H-CLAUSE-0205,Hermes review,Q5 ; L205,inference/system fact,*Does:* supports expecting roughly single-digit-percent noise on well-executed maximal measures and ±1-rep noise on rep-max records; justifies refusing to invent a stall window.,citation/identifier as embedded in report line,source-report text only,unassigned pending source check,UNVERIFIED—FULL TEXT REQUIRED,unclassified,not assessed,Conservative extraction row; retain no factual content unless a manual/source-locator row supports it.
H-CLAUSE-0207,Hermes review,Q5 ; L207,design proposal,"*Does not:* authorise any MDC value, any stall window, any smoothing rule, or any per-user reliability estimate. Those remain empty slots pending either owner ruling or purpose-built validation data from the closed beta (a product decision outside this report).",citation/identifier as embedded in report line,source-report text only,unassigned pending source check,UNSUPPORTED,unclassified,not assessed,Conservative extraction row; retain no factual content unless a manual/source-locator row supports it.
H-CLAUSE-0215,Hermes review,Q6 ; L215,research-gap statement,"Self-monitoring displays modestly increase activity quantity (meta-analytic SDM ≈ 0.35 in general physical activity), but quantification carries documented motivational costs, and there is **direct behavioural-economics evidence that people optimise what is measured**; no fitness-app study I located measures gaming of a strength score specifically. Flat-or-declining metrics harming novice adherence: mechanistically supported (enjoyment/intrinsic-motivation findings) but not demonstrated in a fitness-app trial. Multiple metrics versus one: no comparative evidence located.",citation/identifier as embedded in report line,source-report text only,unassigned pending source check,GAP-NOT-ESTABLISHED,unclassified,not assessed,Conservative extraction row; retain no factual content unless a manual/source-locator row supports it.
H-CLAUSE-0219,Hermes review,Q6 ; L219,derived calculation,"- **Apps/trackers raise activity:** 35 RCTs (28 meta-analysed, n=7,454): SDM 0.350 (95% CI 0.236–0.465), ≈+1,850 steps/day [A; PMID 33355160; DOI 10.1136/bjsports-2020-102892]. Population: healthy adults 18–65 (28% women — a male-skewed evidence base worth noting given unknown audience). Outcome is generic physical activity; transfer to strength-metric displays is analogical.",citation/identifier as embedded in report line,source-report text only,unassigned pending source check,AUDITOR-DERIVED—NOT PUBLISHED,unclassified,not assessed,Conservative extraction row; retain no factual content unless a manual/source-locator row supports it.
H-CLAUSE-0220,Hermes review,Q6 ; L220,published finding,"- **Measurement's hidden cost:** six experiments — measurement increases quantity but can reduce enjoyment and continued engagement by undermining intrinsic motivation [B; DOI 10.1093/jcr/ucv095]. Directional, experimental, non-clinical population; the closest direct evidence on the psychological side-effects of showing numbers.",citation/identifier as embedded in report line,source-report text only,unassigned pending source check,UNVERIFIED—FULL TEXT REQUIRED,unclassified,not assessed,Conservative extraction row; retain no factual content unless a manual/source-locator row supports it.
H-CLAUSE-0221,Hermes review,Q6 ; L221,research-gap statement,"- **Metric gaming:** Goodhart-type dynamics are foundational in economics and management but I found **no controlled study of gaming in fitness applications**. What exists nearby: goal-gradient effects — motivation accelerates as a goal nears, and *illusionary progress* manipulations causally change behaviour [B−/B; DOI 10.1509/jmkr.43.1.39 — read at title/abstract level only; flagged accordingly]. Prediction for the app (labelled as inference from [DOI 10.1509/jmkr.43.1.39] + [DOI 10.1093/jcr/ucv095], not a finding): any score raisable by adding reps, adding load, or reporting higher RPE will be raised by some users through the cheapest path, and inflated RPE is cheapest because it is unverifiable. No source quantifies this in fitness.",citation/identifier as embedded in report line,source-report text only,unassigned pending source check,GAP-NOT-ESTABLISHED,unclassified,not assessed,Conservative extraction row; retain no factual content unless a manual/source-locator row supports it.
H-CLAUSE-0222,Hermes review,Q6 ; L222,research-gap statement,"- **Flat/declining metrics and adherence:** the enjoyment/engagement cost of measurement concentrates attention on output [B; DOI 10.1093/jcr/ucv095], which predicts that a visibly flat number is not neutral. Adjacent self-monitoring analogue: self-weighing added to multicomponent programmes yields −1.7 kg (95% CI −2.6 to −0.8) but as a standalone strategy showed no effect [A; PMID 26293454; DOI 10.1186/s12966-015-0267-4] — i.e., the *context* around the number matters as much as the number. Direct fitness-app evidence on declining-score harm: none located.",citation/identifier as embedded in report line,source-report text only,unassigned pending source check,GAP-NOT-ESTABLISHED,unclassified,not assessed,Conservative extraction row; retain no factual content unless a manual/source-locator row supports it.
H-CLAUSE-0223,Hermes review,Q6 ; L223,research-gap statement,- **One number vs several:** no study comparing comprehension/adherence under single-scalar versus multi-dimensional progress displays was located. Gap.,citation/identifier as embedded in report line,source-report text only,unassigned pending source check,GAP-NOT-ESTABLISHED,unclassified,not assessed,Conservative extraction row; retain no factual content unless a manual/source-locator row supports it.
H-CLAUSE-0227,Hermes review,Q6 ; L227,inference/system fact,"*Does:* supports expecting modest behaviour activation from progress displays, warns that displayed scores invite optimisation, and identifies inflation of unverifiable inputs (RPE) as the specific vulnerability of this app's data model.",citation/identifier as embedded in report line,source-report text only,unassigned pending source check,UNVERIFIED—FULL TEXT REQUIRED,unclassified,not assessed,Conservative extraction row; retain no factual content unless a manual/source-locator row supports it.
H-CLAUSE-0229,Hermes review,Q6 ; L229,design proposal,"*Does not:* authorise any display design, any anti-gaming mechanism, any choice between one metric and many, or any claim about effect sizes in the app's actual audience (which does not exist yet).",citation/identifier as embedded in report line,source-report text only,unassigned pending source check,UNSUPPORTED,unclassified,not assessed,Conservative extraction row; retain no factual content unless a manual/source-locator row supports it.
H-CLAUSE-0237,Hermes review,Q7 ; L237,inference/system fact,"Assessed against the brief's candidates, with capturability from {reps, kg, optional RPE, optional seconds, band level, phone clock, HRV/sleep}:",citation/identifier as embedded in report line,source-report text only,unassigned pending source check,UNVERIFIED—FULL TEXT REQUIRED,unclassified,not assessed,Conservative extraction row; retain no factual content unless a manual/source-locator row supports it.
H-CLAUSE-0239,Hermes review,Q7 ; L239,inference/system fact,| Axis | Outcome evidence | Sensitivity evidence | Capturable here? |,citation/identifier as embedded in report line,source-report text only,unassigned pending source check,UNVERIFIED—FULL TEXT REQUIRED,unclassified,not assessed,Conservative extraction row; retain no factual content unless a manual/source-locator row supports it.
H-CLAUSE-0241,Hermes review,Q7 ; L241,published finding,| Repetitions at fixed load | Yes — rep-max performance tracks strength-endurance; reliability known [C; DOI 10.1371/journal.pone.0268074] | Yes | Yes |,citation/identifier as embedded in report line,source-report text only,unassigned pending source check,UNVERIFIED—FULL TEXT REQUIRED,unclassified,not assessed,Conservative extraction row; retain no factual content unless a manual/source-locator row supports it.
H-CLAUSE-0242,Hermes review,Q7 ; L242,published finding,| Load at fixed repetitions | Yes — this is 1RM-adjacent; the strongest-supported axis overall [A; DOI 10.1186/s40798-020-00260-z] | Yes | Yes |,citation/identifier as embedded in report line,source-report text only,unassigned pending source check,UNVERIFIED—FULL TEXT REQUIRED,unclassified,not assessed,Conservative extraction row; retain no factual content unless a manual/source-locator row supports it.
H-CLAUSE-0243,Hermes review,Q7 ; L243,inference/system fact,| Estimated 1RM | Derivative of the two above; inherits Q2 errors | Yes | Yes (already computed) |,citation/identifier as embedded in report line,source-report text only,unassigned pending source check,UNVERIFIED—FULL TEXT REQUIRED,unclassified,not assessed,Conservative extraction row; retain no factual content unless a manual/source-locator row supports it.
H-CLAUSE-0244,Hermes review,Q7 ; L244,inference/system fact,"| Range of motion | Emerging but immature; recent trials (e.g. lengthened-partial work) exist but no settled dose-response I can cite as established | Partially | Only via exercise selection, not measured ROM — no phone sensor axis exists; effectively **not capturable as a measured quantity** |",citation/identifier as embedded in report line,source-report text only,unassigned pending source check,UNVERIFIED—FULL TEXT REQUIRED,unclassified,not assessed,Conservative extraction row; retain no factual content unless a manual/source-locator row supports it.
H-CLAUSE-0245,Hermes review,Q7 ; L245,published finding,| Movement-rung advancement | Outcome evidence only as ordinal capability (calisthenics trial endpoints improved [B; DOI 10.1519/JSC.0000000000002345]); the ladder itself is convention | Yes (it advances when training works) | Yes (capability graph exists) |,citation/identifier as embedded in report line,source-report text only,unassigned pending source check,UNVERIFIED—FULL TEXT REQUIRED,unclassified,not assessed,Conservative extraction row; retain no factual content unless a manual/source-locator row supports it.
H-CLAUSE-0246,Hermes review,Q7 ; L246,research-gap statement,| Work density (work/time) | No direct outcome evidence located linking density to adaptation | Sensitivity only (arithmetic) | Partially — needs session timestamps (present) and complete work (absent for bodyweight/grappling) |,citation/identifier as embedded in report line,source-report text only,unassigned pending source check,GAP-NOT-ESTABLISHED,unclassified,not assessed,Conservative extraction row; retain no factual content unless a manual/source-locator row supports it.
H-CLAUSE-0247,Hermes review,Q7 ; L247,published finding,"| Rest-interval tolerance | Indirect: longer inter-set rests benefit strength in trained lifters [A-tier SR; DOI 10.1007/s40279-017-0788-x] — rest length modulates stimulus, so tolerance *reflects* conditioning, but tolerance-as-progression-marker is untested | Sensitivity only | Poorly — the app logs session start/end, not per-set rest; **not capturable at per-set fidelity** |",citation/identifier as embedded in report line,source-report text only,unassigned pending source check,UNVERIFIED—FULL TEXT REQUIRED,unclassified,not assessed,Conservative extraction row; retain no factual content unless a manual/source-locator row supports it.
H-CLAUSE-0248,Hermes review,Q7 ; L248,research-gap statement,"| Repetition velocity | Strong outcome evidence in VBT literature, but **requires hardware the app does not have** (no camera pipeline ratified, no encoder) | — | **Unavailable in this system** |",citation/identifier as embedded in report line,source-report text only,unassigned pending source check,GAP-NOT-ESTABLISHED,unclassified,not assessed,Conservative extraction row; retain no factual content unless a manual/source-locator row supports it.
H-CLAUSE-0249,Hermes review,Q7 ; L249,published finding,| Time under tension | Tempo meta-analysis: hypertrophy insensitive across 0.5–8 s durations [A; PMID 25601394; DOI 10.1007/s40279-015-0304-0] — TUT barely discriminates outcomes in that range; very slow tempos inferior | Weak | Only for timed holds (`seconds`); not per-rep |,citation/identifier as embedded in report line,source-report text only,unassigned pending source check,UNVERIFIED—FULL TEXT REQUIRED,unclassified,not assessed,Conservative extraction row; retain no factual content unless a manual/source-locator row supports it.
H-CLAUSE-0251,Hermes review,Q7 ; L251,inference/system fact,"Hardware-dependent measures (velocity, force, measured ROM, %MVC dynamometry) are labelled **unavailable in this system**, per the brief — they are described here only to close the question, not offered as options.",citation/identifier as embedded in report line,source-report text only,unassigned pending source check,UNVERIFIED—FULL TEXT REQUIRED,unclassified,not assessed,Conservative extraction row; retain no factual content unless a manual/source-locator row supports it.
H-CLAUSE-0253,Hermes review,Q7 ; L253,inference/system fact,"The axes with combined outcome + sensitivity evidence and full capturability reduce to three: **load at fixed reps, reps at fixed load, and (derivative, error-laden) estimated 1RM**, plus the ordinal capability rung which has outcome-adjacent but conventionally-defined evidence.",citation/identifier as embedded in report line,source-report text only,unassigned pending source check,UNVERIFIED—FULL TEXT REQUIRED,unclassified,not assessed,Conservative extraction row; retain no factual content unless a manual/source-locator row supports it.
H-CLAUSE-0257,Hermes review,Q7 ; L257,inference/system fact,*Does:* separates evidence-backed from convenience axes and marks velocity/ROM/rest-interval as uncapturable here.,citation/identifier as embedded in report line,source-report text only,unassigned pending source check,UNVERIFIED—FULL TEXT REQUIRED,unclassified,not assessed,Conservative extraction row; retain no factual content unless a manual/source-locator row supports it.
H-CLAUSE-0259,Hermes review,Q7 ; L259,design proposal,"*Does not:* authorise selecting, displaying, or weighting any of them; ""worth measuring"" is the owner's ruling informed by this table, not made by it.",citation/identifier as embedded in report line,source-report text only,unassigned pending source check,UNSUPPORTED,unclassified,not assessed,Conservative extraction row; retain no factual content unless a manual/source-locator row supports it.
H-CLAUSE-0267,Hermes review,Q8 ; L267,research-gap statement,"The evidence supports autoregulation *by validated signals under supervision* (RPE/RIR/velocity methods beat or match fixed loading in several reviews), but it contains **no evidence base for closing the loop on a noisy, optionally-present, self-reported signal in an unsupervised population, and no evidence on adjustment frequency.** The owner's descriptive-only default for the estimated-1RM series is consistent with the state of the evidence; the ACWR precedent stands untouched. Failure modes named in the literature are definitional inconsistencies and measurement-dependence rather than empirical reports of oscillation/ratcheting — those remain theoretical risks, not documented outcomes.",citation/identifier as embedded in report line,source-report text only,unassigned pending source check,GAP-NOT-ESTABLISHED,unclassified,not assessed,Conservative extraction row; retain no factual content unless a manual/source-locator row supports it.
H-CLAUSE-0271,Hermes review,Q8 ; L271,published finding,"- Autoregulation review: 14 studies, 30 groups, n=356 — all autoregulated protocols (subjective and objective) raised 1RM, small-to-large ES [systematic review, narrative ES reporting → tiered C conservatively; PMID 33520457; DOI 10.7717/peerj.10663]. Supervised, mostly trained men.",citation/identifier as embedded in report line,source-report text only,unassigned pending source check,UNVERIFIED—FULL TEXT REQUIRED,unclassified,not assessed,Conservative extraction row; retain no factual content unless a manual/source-locator row supports it.
H-CLAUSE-0272,Hermes review,Q8 ; L272,published finding,- RIR-driven autoregulation beat fixed loading over 12 weeks in one RCT [B; PMID 31009432; DOI 10.1519/JSC.0000000000003164] — **read limitation: I verified the record and citation but could not retrieve the abstract text; the directional claim rests on title/registry verification and should be hand-checked before resting weight on it.**,citation/identifier as embedded in report line,source-report text only,unassigned pending source check,UNVERIFIED—FULL TEXT REQUIRED,unclassified,not assessed,Conservative extraction row; retain no factual content unless a manual/source-locator row supports it.
H-CLAUSE-0273,Hermes review,Q8 ; L273,published finding,"- The autoregulation literature is marked by definitional and terminological inconsistency, without an overarching framework specifying *what* gets adjusted, *when*, or *how much* [B− conceptual review; DOI 10.1007/s40279-020-01330-8]. This is the closest the literature comes to addressing loop design — and it documents absence of guidance, including on adjustment frequency.",citation/identifier as embedded in report line,source-report text only,unassigned pending source check,UNVERIFIED—FULL TEXT REQUIRED,unclassified,not assessed,Conservative extraction row; retain no factual content unless a manual/source-locator row supports it.
H-CLAUSE-0274,Hermes review,Q8 ; L274,inference/system fact,"- Signal-quality dependency: every successful autoregulation protocol rides on a signal whose error properties are known (Q2: ±1 rep minimum, worse uncalibrated). A feedback loop through a biased, gameable, sometimes-absent signal has no studied analogue in this literature. Documented failure modes (instability, oscillation, ratcheting): **no empirical reports located** — I state them as theoretical risks implied by control reasoning, not as findings.",citation/identifier as embedded in report line,source-report text only,unassigned pending source check,UNVERIFIED—FULL TEXT REQUIRED,unclassified,not assessed,Conservative extraction row; retain no factual content unless a manual/source-locator row supports it.
H-CLAUSE-0275,Hermes review,Q8 ; L275,research-gap statement,"- Adjustment frequency: no source located bearing on how often a progression metric should be allowed to change prescription. Convention, full stop.",citation/identifier as embedded in report line,source-report text only,unassigned pending source check,GAP-NOT-ESTABLISHED,unclassified,not assessed,Conservative extraction row; retain no factual content unless a manual/source-locator row supports it.
H-CLAUSE-0279,Hermes review,Q8 ; L279,inference/system fact,*Does:* supports keeping the estimated-1RM series descriptive until/unless signal quality is demonstrated in the app's own population; confirms the literature offers no frequency guidance.,citation/identifier as embedded in report line,source-report text only,unassigned pending source check,UNVERIFIED—FULL TEXT REQUIRED,unclassified,not assessed,Conservative extraction row; retain no factual content unless a manual/source-locator row supports it.
H-CLAUSE-0281,Hermes review,Q8 ; L281,design proposal,"*Does not:* rule permanently against autoregulation (the evidence is absent, not negative); authorise any future loop design; or alter the ratified ACWR/readiness rulings.",citation/identifier as embedded in report line,source-report text only,unassigned pending source check,UNSUPPORTED,unclassified,not assessed,Conservative extraction row; retain no factual content unless a manual/source-locator row supports it.
H-CLAUSE-0287,Hermes review,Q8 ; L287,inference/system fact,"Full ledger maintained during research; the material claims retained in the report, with tier, identifier, source-read status, population, effect/uncertainty, transfer judgement, and authorisation status:",citation/identifier as embedded in report line,source-report text only,unassigned pending source check,UNVERIFIED—FULL TEXT REQUIRED,unclassified,not assessed,Conservative extraction row; retain no factual content unless a manual/source-locator row supports it.
H-CLAUSE-0289,Hermes review,Q8 ; L289,published finding,| ID | Claim (abridged) | Tier | Identifier | Source actually read |,citation/identifier as embedded in report line,source-report text only,unassigned pending source check,UNVERIFIED—FULL TEXT REQUIRED,unclassified,not assessed,Conservative extraction row; retain no factual content unless a manual/source-locator row supports it.
H-CLAUSE-0291,Hermes review,Q8 ; L291,published finding,| Q2-C01 | Equations most accurate <10 RTF | B | DOI 10.1519/jsc.0b013e31817b02ad; PMID 18714230 | Full PubMed abstract |,citation/identifier as embedded in report line,source-report text only,unassigned pending source check,UNVERIFIED—FULL TEXT REQUIRED,unclassified,not assessed,Conservative extraction row; retain no factual content unless a manual/source-locator row supports it.
H-CLAUSE-0292,Hermes review,Q8 ; L292,published finding,"| Q2-C02 | Between-individual SD 2.51 reps @80%, 4.36 @60%; means exceed old tables | A | DOI 10.1007/s40279-023-01937-7; PMID 37792272 | Full open-access text |",citation/identifier as embedded in report line,source-report text only,unassigned pending source check,UNVERIFIED—FULL TEXT REQUIRED,unclassified,not assessed,Conservative extraction row; retain no factual content unless a manual/source-locator row supports it.
H-CLAUSE-0293,Hermes review,Q8 ; L293,published finding,| Q2-C03 | Training background shifts reps@%1RM | C | DOI 10.5604/20831862.1099047; PMID 24899782 | PubMed abstract |,citation/identifier as embedded in report line,source-report text only,unassigned pending source check,UNVERIFIED—FULL TEXT REQUIRED,unclassified,not assessed,Conservative extraction row; retain no factual content unless a manual/source-locator row supports it.
H-CLAUSE-0294,Hermes review,Q8 ; L294,published finding,| Q2-C04 | Leg press >> bench press reps at equal %1RM | A | DOI 10.1007/s40279-023-01937-7 | Full text |,citation/identifier as embedded in report line,source-report text only,unassigned pending source check,UNVERIFIED—FULL TEXT REQUIRED,unclassified,not assessed,Conservative extraction row; retain no factual content unless a manual/source-locator row supports it.
H-CLAUSE-0295,Hermes review,Q8 ; L295,published finding,| Q2-C05 | Sex/age/status do not moderate reps~%1RM clearly | A | DOI 10.1007/s40279-023-01937-7 | Full text |,citation/identifier as embedded in report line,source-report text only,unassigned pending source check,UNVERIFIED—FULL TEXT REQUIRED,unclassified,not assessed,Conservative extraction row; retain no factual content unless a manual/source-locator row supports it.
H-CLAUSE-0296,Hermes review,Q8 ; L296,published finding,| Q2-C06 | LeSuer 1997 existence/design/standard-citation status (results not read) | B | DOI 10.1519/00124278-199711000-00001 | Crossref metadata + secondary descriptions only — flagged |,citation/identifier as embedded in report line,source-report text only,unassigned pending source check,UNVERIFIED—FULL TEXT REQUIRED,unclassified,not assessed,Conservative extraction row; retain no factual content unless a manual/source-locator row supports it.
H-CLAUSE-0297,Hermes review,Q8 ; L297,inference/system fact,| Q2-C07 | RIR substitution unvalidated (gap) | — | none | targeted searches |,citation/identifier as embedded in report line,source-report text only,unassigned pending source check,UNVERIFIED—FULL TEXT REQUIRED,unclassified,not assessed,Conservative extraction row; retain no factual content unless a manual/source-locator row supports it.
H-CLAUSE-0298,Hermes review,Q8 ; L298,published finding,| Q2-C08 | RIR underprediction 0.95 reps [0.17–1.73]; SD 1.45; status no effect | A | DOI 10.1007/s40279-021-01559-x; PMID 34542869 | Springer + PubMed records |,citation/identifier as embedded in report line,source-report text only,unassigned pending source check,UNVERIFIED—FULL TEXT REQUIRED,unclassified,not assessed,Conservative extraction row; retain no factual content unless a manual/source-locator row supports it.
H-CLAUSE-0299,Hermes review,Q8 ; L299,published finding,"| Q2-C09 | ERF error ~1 rep near failure, >2 at ARF 7–10 | C | DOI 10.1519/JSC.0000000000001683; PMID 27787474 | PubMed abstract |",citation/identifier as embedded in report line,source-report text only,unassigned pending source check,UNVERIFIED—FULL TEXT REQUIRED,unclassified,not assessed,Conservative extraction row; retain no factual content unless a manual/source-locator row supports it.
H-CLAUSE-0300,Hermes review,Q8 ; L300,published finding,| Q2-C10 | Prediction imperfect; improves w/ experience (novices) | B−/C | DOI 10.7717/peerj.4105; PMID 29204323 | Intro/methods sections only — flagged |,citation/identifier as embedded in report line,source-report text only,unassigned pending source check,UNVERIFIED—FULL TEXT REQUIRED,unclassified,not assessed,Conservative extraction row; retain no factual content unless a manual/source-locator row supports it.
H-CLAUSE-0301,Hermes review,Q8 ; L301,published finding,| Q2-C11 | Powerlifters hit target RPE ±0.33 | B | DOI 10.1519/JSC.0000000000002097; PMID 28933716 | PubMed abstract |,citation/identifier as embedded in report line,source-report text only,unassigned pending source check,UNVERIFIED—FULL TEXT REQUIRED,unclassified,not assessed,Conservative extraction row; retain no factual content unless a manual/source-locator row supports it.
H-CLAUSE-0302,Hermes review,Q8 ; L302,published finding,| Q2-C12 | RPE validity pooled r=0.88 [0.84–0.91] | A | DOI 10.1186/s40798-021-00386-8 | Full open-access text |,citation/identifier as embedded in report line,source-report text only,unassigned pending source check,UNVERIFIED—FULL TEXT REQUIRED,unclassified,not assessed,Conservative extraction row; retain no factual content unless a manual/source-locator row supports it.
H-CLAUSE-0303,Hermes review,Q8 ; L303,published finding,| Q2-C13 | Submaximal Borg extrapolation predicts 1RM (group level) | B | PMID 24149599 | JSSM full abstract + PubMed |,citation/identifier as embedded in report line,source-report text only,unassigned pending source check,UNVERIFIED—FULL TEXT REQUIRED,unclassified,not assessed,Conservative extraction row; retain no factual content unless a manual/source-locator row supports it.
H-CLAUSE-0304,Hermes review,Q8 ; L304,inference/system fact,| Q2-C14 | No propagated e1RM MDC exists (gap) | — | none | targeted searches |,citation/identifier as embedded in report line,source-report text only,unassigned pending source check,UNVERIFIED—FULL TEXT REQUIRED,unclassified,not assessed,Conservative extraction row; retain no factual content unless a manual/source-locator row supports it.
H-CLAUSE-0305,Hermes review,Q8 ; L305,inference/system fact,| Q2-C15 | Away-from-failure error compounding is inference from C08+C02 | — (inference) | derived | — |,citation/identifier as embedded in report line,source-report text only,unassigned pending source check,UNVERIFIED—FULL TEXT REQUIRED,unclassified,not assessed,Conservative extraction row; retain no factual content unless a manual/source-locator row supports it.
H-CLAUSE-0306,Hermes review,Q8 ; L306,published finding,| Q1-C01 | Volume ↑ hypertrophy not strength | B | DOI 10.1249/MSS.0000000000001764; PMID 30153194 | PubMed abstract |,citation/identifier as embedded in report line,source-report text only,unassigned pending source check,UNVERIFIED—FULL TEXT REQUIRED,unclassified,not assessed,Conservative extraction row; retain no factual content unless a manual/source-locator row supports it.
H-CLAUSE-0307,Hermes review,Q8 ; L307,published finding,| Q1-C02 | Heavy > light for 1RM; hypertrophy equal to failure | A | DOI 10.1519/JSC.0000000000002200; PMID 28834797 | PubMed abstract |,citation/identifier as embedded in report line,source-report text only,unassigned pending source check,UNVERIFIED—FULL TEXT REQUIRED,unclassified,not assessed,Conservative extraction row; retain no factual content unless a manual/source-locator row supports it.
H-CLAUSE-0308,Hermes review,Q8 ; L308,published finding,| Q1-C03 | Load doesn't dictate outcomes when failure-matched | B | DOI 10.1152/japplphysiol.00154.2016; PMID 27174923 | PMC page + abstract |,citation/identifier as embedded in report line,source-report text only,unassigned pending source check,UNVERIFIED—FULL TEXT REQUIRED,unclassified,not assessed,Conservative extraction row; retain no factual content unless a manual/source-locator row supports it.
H-CLAUSE-0309,Hermes review,Q8 ; L309,published finding,| Q1-C04 | Domain-specific intensity profiles | A | DOI 10.1007/s40279-024-02006-3 | Springer abstract + conclusions |,citation/identifier as embedded in report line,source-report text only,unassigned pending source check,UNVERIFIED—FULL TEXT REQUIRED,unclassified,not assessed,Conservative extraction row; retain no factual content unless a manual/source-locator row supports it.
H-CLAUSE-0310,Hermes review,Q8 ; L310,published finding,| Q1-C05 | Endurance load-effects equivocal; skill axis unoperationalised | A(synth)/— | DOI 10.3390/sports9020032 / gap | Key full-text sections |,citation/identifier as embedded in report line,source-report text only,unassigned pending source check,UNVERIFIED—FULL TEXT REQUIRED,unclassified,not assessed,Conservative extraction row; retain no factual content unless a manual/source-locator row supports it.
H-CLAUSE-0311,Hermes review,Q8 ; L311,published finding,| Q3-C01 | Proximity-to-failure dose-response dissociates strength/hypertrophy | A | DOI 10.1007/s40279-024-02069-2; PMID 38970765 | Full abstract + preprint text |,citation/identifier as embedded in report line,source-report text only,unassigned pending source check,UNVERIFIED—FULL TEXT REQUIRED,unclassified,not assessed,Conservative extraction row; retain no factual content unless a manual/source-locator row supports it.
H-CLAUSE-0312,Hermes review,Q8 ; L312,published finding,| Q3-C02 | ~30% 1RM floor for hypertrophy equivalence | A(synth) | DOI 10.1519/JSC.0000000000002200; DOI 10.3390/sports9020032 | Abstract + key sections |,citation/identifier as embedded in report line,source-report text only,unassigned pending source check,UNVERIFIED—FULL TEXT REQUIRED,unclassified,not assessed,Conservative extraction row; retain no factual content unless a manual/source-locator row supports it.
H-CLAUSE-0313,Hermes review,Q8 ; L313,inference/system fact,| Q3-C03 | No head-to-head hard-sets-vs-tonnage proxy trial (gap) | — | none | searches |,citation/identifier as embedded in report line,source-report text only,unassigned pending source check,UNVERIFIED—FULL TEXT REQUIRED,unclassified,not assessed,Conservative extraction row; retain no factual content unless a manual/source-locator row supports it.
H-CLAUSE-0314,Hermes review,Q8 ; L314,published finding,"| Q3-C04 | RPE≥8 ↔ ≤2 RIR region of smallest rating error (convergence, not validation) | A(linking) | DOI 10.1007/s40279-021-01559-x | as C08 |",citation/identifier as embedded in report line,source-report text only,unassigned pending source check,UNVERIFIED—FULL TEXT REQUIRED,unclassified,not assessed,Conservative extraction row; retain no factual content unless a manual/source-locator row supports it.
H-CLAUSE-0315,Hermes review,Q8 ; L315,published finding,| Q4-C01 | Calisthenic progressions raise 1RM | B | DOI 10.1519/JSC.0000000000002345; PMID 29466268 | PubMed abstract |,citation/identifier as embedded in report line,source-report text only,unassigned pending source check,UNVERIFIED—FULL TEXT REQUIRED,unclassified,not assessed,Conservative extraction row; retain no factual content unless a manual/source-locator row supports it.
H-CLAUSE-0316,Hermes review,Q8 ; L316,published finding,| Q4-C02 | Isometric progression vars: duration/intensity/angle; angle reliable dial | B− | DOI 10.1186/s40885-022-00232-3 | Full text sections |,citation/identifier as embedded in report line,source-report text only,unassigned pending source check,UNVERIFIED—FULL TEXT REQUIRED,unclassified,not assessed,Conservative extraction row; retain no factual content unless a manual/source-locator row supports it.
H-CLAUSE-0317,Hermes review,Q8 ; L317,published finding,| Q4-C03 | Isometric training largest SBP reduction (−8.24 mmHg) | A | DOI 10.1136/bjsports-2022-106503 | BJSM abstract |,citation/identifier as embedded in report line,source-report text only,unassigned pending source check,UNVERIFIED—FULL TEXT REQUIRED,unclassified,not assessed,Conservative extraction row; retain no factual content unless a manual/source-locator row supports it.
H-CLAUSE-0318,Hermes review,Q8 ; L318,published finding,| Q4-C04 | Eccentric gains largely mode-specific | A | DOI 10.1007/s40279-016-0628-4; PMID 27647157 | PubMed abstract |,citation/identifier as embedded in report line,source-report text only,unassigned pending source check,UNVERIFIED—FULL TEXT REQUIRED,unclassified,not assessed,Conservative extraction row; retain no factual content unless a manual/source-locator row supports it.
H-CLAUSE-0319,Hermes review,Q8 ; L319,inference/system fact,| Q4-C05 | No quantification of variation-jump difficulty (gap) | — | none | searches |,citation/identifier as embedded in report line,source-report text only,unassigned pending source check,UNVERIFIED—FULL TEXT REQUIRED,unclassified,not assessed,Conservative extraction row; retain no factual content unless a manual/source-locator row supports it.
H-CLAUSE-0320,Hermes review,Q8 ; L320,inference/system fact,| Q4-C06 | Cross-movement coefficient equating unvalidated → convention | — | none | searches |,citation/identifier as embedded in report line,source-report text only,unassigned pending source check,UNVERIFIED—FULL TEXT REQUIRED,unclassified,not assessed,Conservative extraction row; retain no factual content unless a manual/source-locator row supports it.
H-CLAUSE-0321,Hermes review,Q8 ; L321,published finding,"| Q5-C01 | 1RM ICC med 0.97, CV med 4.2% [0.5–12.1] | A | DOI 10.1186/s40798-020-00260-z; PMID 32681399 | Full abstract + PMC tables |",citation/identifier as embedded in report line,source-report text only,unassigned pending source check,UNVERIFIED—FULL TEXT REQUIRED,unclassified,not assessed,Conservative extraction row; retain no factual content unless a manual/source-locator row supports it.
H-CLAUSE-0322,Hermes review,Q8 ; L322,published finding,| Q5-C02 | Rep-max test ICC 0.65–0.86; SEM 0.7–1.1 reps | C | DOI 10.1371/journal.pone.0268074 | PLOS abstract |,citation/identifier as embedded in report line,source-report text only,unassigned pending source check,UNVERIFIED—FULL TEXT REQUIRED,unclassified,not assessed,Conservative extraction row; retain no factual content unless a manual/source-locator row supports it.
H-CLAUSE-0323,Hermes review,Q8 ; L323,published finding,| Q5-C03 | Child 1RM MDC95 9–18% (ICC excellent) — illustrative only | C | DOI 10.3390/app11052204 | Full text |,citation/identifier as embedded in report line,source-report text only,unassigned pending source check,UNVERIFIED—FULL TEXT REQUIRED,unclassified,not assessed,Conservative extraction row; retain no factual content unless a manual/source-locator row supports it.
H-CLAUSE-0324,Hermes review,Q8 ; L324,research-gap statement,| Q5-C04 | No persistence-window evidence (gap) | — | none | searches |,citation/identifier as embedded in report line,source-report text only,unassigned pending source check,GAP-NOT-ESTABLISHED,unclassified,not assessed,Conservative extraction row; retain no factual content unless a manual/source-locator row supports it.
H-CLAUSE-0325,Hermes review,Q8 ; L325,inference/system fact,| Q5-C05 | No training-age variability comparison (gap; weak indirect stability) | — | none (+C01) | searches |,citation/identifier as embedded in report line,source-report text only,unassigned pending source check,UNVERIFIED—FULL TEXT REQUIRED,unclassified,not assessed,Conservative extraction row; retain no factual content unless a manual/source-locator row supports it.
H-CLAUSE-0326,Hermes review,Q8 ; L326,derived calculation,"| Q6-C01 | Apps/trackers: SDM 0.350 [0.236–0.465], ≈1850 steps/d | A | DOI 10.1136/bjsports-2020-102892; PMID 33355160 | PubMed abstract |",citation/identifier as embedded in report line,source-report text only,unassigned pending source check,AUDITOR-DERIVED—NOT PUBLISHED,unclassified,not assessed,Conservative extraction row; retain no factual content unless a manual/source-locator row supports it.
H-CLAUSE-0327,Hermes review,Q8 ; L327,published finding,"| Q6-C02 | Measurement raises quantity, can cut enjoyment/engagement | B | DOI 10.1093/jcr/ucv095 | Duke repository abstract |",citation/identifier as embedded in report line,source-report text only,unassigned pending source check,UNVERIFIED—FULL TEXT REQUIRED,unclassified,not assessed,Conservative extraction row; retain no factual content unless a manual/source-locator row supports it.
H-CLAUSE-0328,Hermes review,Q8 ; L328,published finding,| Q6-C03 | Goal-gradient & illusory progress affect behaviour | B | DOI 10.1509/jmkr.43.1.39 | Title/metadata only — flagged weakest-area candidate |,citation/identifier as embedded in report line,source-report text only,unassigned pending source check,UNVERIFIED—FULL TEXT REQUIRED,unclassified,not assessed,Conservative extraction row; retain no factual content unless a manual/source-locator row supports it.
H-CLAUSE-0329,Hermes review,Q8 ; L329,published finding,"| Q6-C04 | Self-weighing: −1.7 kg [−2.6, −0.8] in multicomponent; alone null | A | DOI 10.1186/s12966-015-0267-4; PMID 26293454 | Springer abstract + results |",citation/identifier as embedded in report line,source-report text only,unassigned pending source check,UNVERIFIED—FULL TEXT REQUIRED,unclassified,not assessed,Conservative extraction row; retain no factual content unless a manual/source-locator row supports it.
H-CLAUSE-0330,Hermes review,Q8 ; L330,research-gap statement,| Q6-C05 | No fitness-app gaming study; no single-vs-multi metric study (gaps) | — | none | searches |,citation/identifier as embedded in report line,source-report text only,unassigned pending source check,GAP-NOT-ESTABLISHED,unclassified,not assessed,Conservative extraction row; retain no factual content unless a manual/source-locator row supports it.
H-CLAUSE-0331,Hermes review,Q8 ; L331,published finding,| Q8-C01 | All autoregulation modes raised 1RM (heterogeneous ES) | C(SR) | DOI 10.7717/peerj.10663; PMID 33520457 | Full abstract |,citation/identifier as embedded in report line,source-report text only,unassigned pending source check,UNVERIFIED—FULL TEXT REQUIRED,unclassified,not assessed,Conservative extraction row; retain no factual content unless a manual/source-locator row supports it.
H-CLAUSE-0332,Hermes review,Q8 ; L332,published finding,| Q8-C02 | RIR autoregulation > fixed over 12 wk | B | DOI 10.1519/JSC.0000000000003164; PMID 31009432 | Record only — read-limitation flagged |,citation/identifier as embedded in report line,source-report text only,unassigned pending source check,UNVERIFIED—FULL TEXT REQUIRED,unclassified,not assessed,Conservative extraction row; retain no factual content unless a manual/source-locator row supports it.
H-CLAUSE-0333,Hermes review,Q8 ; L333,published finding,| Q8-C03 | Autoregulation literature inconsistent; no framework/frequency guidance | B− | DOI 10.1007/s40279-020-01330-8 | PubMed key points |,citation/identifier as embedded in report line,source-report text only,unassigned pending source check,UNVERIFIED—FULL TEXT REQUIRED,unclassified,not assessed,Conservative extraction row; retain no factual content unless a manual/source-locator row supports it.
H-CLAUSE-0334,Hermes review,Q8 ; L334,research-gap statement,| Q8-C04 | No empirical oscillation/ratchet reports; no frequency evidence (gaps/theoretical) | — | none | searches |,citation/identifier as embedded in report line,source-report text only,unassigned pending source check,GAP-NOT-ESTABLISHED,unclassified,not assessed,Conservative extraction row; retain no factual content unless a manual/source-locator row supports it.
H-CLAUSE-0335,Hermes review,Q8 ; L335,published finding,| Q7-C01 | Rep-max reliability figures (as Q5-C02) | C | DOI 10.1371/journal.pone.0268074 | PLOS abstract |,citation/identifier as embedded in report line,source-report text only,unassigned pending source check,UNVERIFIED—FULL TEXT REQUIRED,unclassified,not assessed,Conservative extraction row; retain no factual content unless a manual/source-locator row supports it.
H-CLAUSE-0336,Hermes review,Q8 ; L336,published finding,"| Q7-C02 | Longer rests (>2 min) aid strength in trained (SR, no MA possible) | A(no-MA caveat) | DOI 10.1007/s40279-017-0788-x | Full text sections |",citation/identifier as embedded in report line,source-report text only,unassigned pending source check,UNVERIFIED—FULL TEXT REQUIRED,unclassified,not assessed,Conservative extraction row; retain no factual content unless a manual/source-locator row supports it.
H-CLAUSE-0337,Hermes review,Q8 ; L337,published finding,| Q7-C03 | Tempo/TUT: hypertrophy insensitive 0.5–8 s; >10 s inferior | A | DOI 10.1007/s40279-015-0304-0; PMID 25601394 | Full text sections + conclusion |,citation/identifier as embedded in report line,source-report text only,unassigned pending source check,UNVERIFIED—FULL TEXT REQUIRED,unclassified,not assessed,Conservative extraction row; retain no factual content unless a manual/source-locator row supports it.
